Index,KernelName,gpu-id,queue-id,queue-index,pid,tid,grd,wgr,lds,scr,arch_vgpr,accum_vgpr,sgpr,wave_size,sig,obj,GRBM_COUNT,GRBM_GUI_ACTIVE,SQ_WAVES,SQ_IFETCH,SQ_IFETCH_LEVEL,SQ_ACCUM_PREV_HIRES,DispatchNs,BeginNs,EndNs,CompleteNs
0,"void init_kernel<double>(double*, double const*, double const*, double const*, unsigned long, bool) ",2,0,0,3796166,3796166,134218752,1024,32768,0,8,0,16,64,0x0,0x7fd3cbae2940,1193249,1193249,2097168,14680116,2109509,236028648,4036620753544086,4036614954236039,4036614954958922,4036620772460267
1,"void init_kernel<double>(double*, double const*, double const*, double const*, unsigned long, bool) ",2,0,1,3796166,3796166,134218752,1024,32768,0,8,0,16,64,0x0,0x7fd3cbae2940,1185961,1185961,2097168,14680116,2097644,234970152,4036620771643034,4036614954958922,4036614955686285,4036620773201570
2,"void init_kernel<double>(double*, double const*, double const*, double const*, unsigned long, bool) ",2,0,2,3796166,3796166,134218752,1024,32768,0,8,0,16,64,0x0,0x7fd3cbae2940,1181790,1181790,2097168,14680116,2097945,234972740,4036620771724194,4036614955686285,4036614956422448,4036620773957283
3,"void init_kernel<double>(double*, double const*, double const*, double const*, unsigned long, bool) ",2,0,3,3796166,3796166,134218752,1024,32768,0,8,0,16,64,0x0,0x7fd3cbae2940,1183948,1183948,2097168,14680116,2098458,234972380,4036620771796793,4036614956422448,4036614957161492,4036620774716507
4,"void init_kernel<double>(double*, double const*, double const*, double const*, unsigned long, bool) ",2,0,5,3796166,3796166,134218240,512,32768,0,8,0,16,64,0x0,0x7fd3cbae2940,1281705,1281705,2097160,14680092,2097445,234933324,4036620774735977,4036614957202932,4036614957944056,4036620775726058
5,"void init_kernel<double>(double*, double const*, double const*, double const*, unsigned long, bool) ",2,0,7,3796166,3796166,134218240,512,32768,0,8,0,16,64,0x0,0x7fd3cbae2940,1281931,1281931,2097160,14680092,2096888,234934948,4036620775729898,4036614957964856,4036614958711259,4036620776694609
6,"void init_kernel<double>(double*, double const*, double const*, double const*, unsigned long, bool) ",2,0,8,3796166,3796166,134218240,512,32768,0,8,0,16,64,0x0,0x7fd3cbae2940,1214818,1214818,2097160,14680092,2098957,234943588,4036620775892386,4036614958711259,4036614959456063,4036620777495802
7,"void init_kernel<double>(double*, double const*, double const*, double const*, unsigned long, bool) ",2,0,10,3796166,3796166,134218240,512,32768,0,8,0,16,64,0x0,0x7fd3cbae2940,1283946,1283946,2097160,14680092,2098901,234931988,4036620777500012,4036614959478623,4036614960224067,4036620778484753
8,"void init_kernel<double>(double*, double const*, double const*, double const*, unsigned long, bool) ",2,0,11,3796166,3796166,134218240,512,32768,0,8,0,16,64,0x0,0x7fd3cbae2940,1214934,1214934,2097160,14680092,2097739,234939324,4036620777667630,4036614960224067,4036614960968070,4036620779263856
9,"void init_kernel<double>(double*, double const*, double const*, double const*, unsigned long, bool) ",2,0,13,3796166,3796166,134218240,512,32768,0,8,0,16,64,0x0,0x7fd3cbae2940,1281840,1281840,2097160,14680092,2098774,234935128,4036620779282636,4036614961000710,4036614961742634,4036620780243527
10,"void init_kernel<double>(double*, double const*, double const*, double const*, unsigned long, bool) ",2,0,14,3796166,3796166,134218240,512,32768,0,8,0,16,64,0x0,0x7fd3cbae2940,1215389,1215389,2097160,14680092,2096906,234943108,4036620779427085,4036614961742634,4036614962483118,4036620781020791
11,"void init_kernel<double>(double*, double const*, double const*, double const*, unsigned long, bool) ",2,0,16,3796166,3796166,134218240,512,32768,0,8,0,16,64,0x0,0x7fd3cbae2940,1285445,1285445,2097160,14680092,2095441,234931452,4036620781040350,4036614962515918,4036614963258801,4036620782009512
12,"void init_kernel<double>(double*, double const*, double const*, double const*, unsigned long, bool) ",2,0,17,3796166,3796166,134218240,512,32768,0,8,0,16,64,0x0,0x7fd3cbae2940,1214677,1214677,2097160,14680092,2097486,234944052,4036620781183539,4036614963258801,4036614963999445,4036620782778575
13,"void init_kernel<double>(double*, double const*, double const*, double const*, unsigned long, bool) ",2,0,19,3796166,3796166,134218240,512,32768,0,8,0,16,64,0x0,0x7fd3cbae2940,1282870,1282870,2097160,14680092,2097372,234930648,4036620782796464,4036614964030645,4036614964770649,4036620783736436
14,"void init_kernel<double>(double*, double const*, double const*, double const*, unsigned long, bool) ",2,0,20,3796166,3796166,134218240,512,32768,0,8,0,16,64,0x0,0x7fd3cbae2940,1214963,1214963,2097160,14680092,2099186,234944724,4036620782934863,4036614964770649,4036614965510012,4036620784515729
15,"void init_kernel<double>(double*, double const*, double const*, double const*, unsigned long, bool) ",2,0,22,3796166,3796166,134218240,512,32768,0,8,0,16,64,0x0,0x7fd3cbae2940,1280311,1280311,2097160,14680092,2097345,234932332,4036620784552939,4036614965531292,4036614966279776,4036620785495411
16,"void init_kernel<double>(double*, double const*, double const*, double const*, unsigned long, bool) ",2,0,23,3796166,3796166,134218240,512,32768,0,8,0,16,64,0x0,0x7fd3cbae2940,1216873,1216873,2097160,14680092,2098465,234940476,4036620784680168,4036614966279776,4036614967028260,4036620786273144
17,"void init_kernel<double>(double*, double const*, double const*, double const*, unsigned long, bool) ",2,0,25,3796166,3796166,134218240,512,32768,0,8,0,16,64,0x0,0x7fd3cbae2940,1282867,1282867,2097160,14680092,2097361,234933664,4036620786290593,4036614967049060,4036614967792743,4036620787250555
18,"void init_kernel<double>(double*, double const*, double const*, double const*, unsigned long, bool) ",2,0,26,3796166,3796166,134218240,512,32768,0,8,0,16,64,0x0,0x7fd3cbae2940,1213879,1213879,2097160,14680092,2098529,234942736,4036620786433922,4036614967792743,4036614968534827,4036620788027128
19,"void init_kernel<double>(double*, double const*, double const*, double const*, unsigned long, bool) ",2,0,28,3796166,3796166,134218240,512,32768,0,8,0,16,64,0x0,0x7fd3cbae2940,1281427,1281427,2097160,14680092,2098504,234934864,4036620788042238,4036614968556587,4036614969303151,4036620789010929
20,"void init_kernel<double>(double*, double const*, double const*, double const*, unsigned long, bool) ",2,0,29,3796166,3796166,134218240,512,32768,0,8,0,16,64,0x0,0x7fd3cbae2940,1214390,1214390,2097160,14680092,2096065,234943744,4036620788190606,4036614969303151,4036614970048274,4036620789768302
21,"void init_kernel<double>(double*, double const*, double const*, double const*, unsigned long, bool) ",2,0,31,3796166,3796166,134218240,512,32768,0,8,0,16,64,0x0,0x7fd3cbae2940,1282021,1282021,2097160,14680092,2097863,234932908,4036620789797802,4036614970078834,4036614970820118,4036620790718784
22,"void init_kernel<double>(double*, double const*, double const*, double const*, unsigned long, bool) ",2,0,32,3796166,3796166,134218240,512,32768,0,8,0,16,64,0x0,0x7fd3cbae2940,1214671,1214671,2097160,14680092,2098151,234941652,4036620789918261,4036614970820118,4036614971560922,4036620791496047
23,"void read_kernel<double>(double*, double const*, double const*, double const*, unsigned long, bool) ",2,0,34,3796166,3796166,134218240,512,32768,0,8,0,16,64,0x0,0x7fd3cbae2980,1687050,1687050,2097160,14680092,2112458,236322148,4036620791532137,4036614971594682,4036614972582046,4036620792696096
24,"void read_kernel<double>(double*, double const*, double const*, double const*, unsigned long, bool) ",2,0,36,3796166,3796166,134218240,512,32768,0,8,0,16,64,0x0,0x7fd3cbae2980,1657242,1657242,2097160,14680092,2101292,234937200,4036620792722136,4036614972601727,4036614973575491,4036620793872976
25,"void read_kernel<double>(double*, double const*, double const*, double const*, unsigned long, bool) ",2,0,37,3796166,3796166,134218240,512,32768,0,8,0,16,64,0x0,0x7fd3cbae2980,1634185,1634185,2097160,14680092,2096832,234934696,4036620792847915,4036614973575491,4036614974569896,4036620794893587
26,"void read_kernel<double>(double*, double const*, double const*, double const*, unsigned long, bool) ",2,0,39,3796166,3796166,134218240,512,32768,0,8,0,16,64,0x0,0x7fd3cbae2980,1647219,1647219,2097160,14680092,2091789,234935988,4036620794921776,4036614974588936,4036614975575981,4036620796061646
27,"void read_kernel<double>(double*, double const*, double const*, double const*, unsigned long, bool) ",2,0,40,3796166,3796166,134218240,512,32768,0,8,0,16,64,0x0,0x7fd3cbae2980,1597642,1597642,2097160,14680092,2098433,234938096,4036620795045185,4036614975575981,4036614976586546,4036620797062297
28,"void read_kernel<double>(double*, double const*, double const*, double const*, unsigned long, bool) ",2,0,42,3796166,3796166,134218240,512,32768,0,8,0,16,64,0x0,0x7fd3cbae2980,1651920,1651920,2097160,14680092,2101908,234938192,4036620797089227,4036614976606866,4036614977583831,4036620798225917
29,"void read_kernel<double>(double*, double const*, double const*, double const*, unsigned long, bool) ",2,0,43,3796166,3796166,134218240,512,32768,0,8,0,16,64,0x0,0x7fd3cbae2980,1600076,1600076,2097160,14680092,2096173,234936768,4036620797205546,4036614977583831,4036614978598556,4036620799225908
30,"void read_kernel<double>(double*, double const*, double const*, double const*, unsigned long, bool) ",2,0,45,3796166,3796166,134218240,512,32768,0,8,0,16,64,0x0,0x7fd3cbae2980,1652008,1652008,2097160,14680092,2098518,234937256,4036620799258017,4036614978618556,4036614979601601,4036620800396677
31,"void read_kernel<double>(double*, double const*, double const*, double const*, unsigned long, bool) ",2,0,46,3796166,3796166,134218240,512,32768,0,8,0,16,64,0x0,0x7fd3cbae2980,1606648,1606648,2097160,14680092,2098168,234936824,4036620799377596,4036614979601601,4036614980618405,4036620801403418
32,"void read_kernel<double>(double*, double const*, double const*, double const*, unsigned long, bool) ",2,0,48,3796166,3796166,134218240,512,32768,0,8,0,16,64,0x0,0x7fd3cbae2980,1639709,1639709,2097160,14680092,2096528,234937480,4036620801431938,4036614980638726,4036614981620170,4036620802562298
33,"void read_kernel<double>(double*, double const*, double const*, double const*, unsigned long, bool) ",2,0,49,3796166,3796166,134218240,512,32768,0,8,0,16,64,0x0,0x7fd3cbae2980,1613058,1613058,2097160,14680092,2098722,234938716,4036620801551357,4036614981620170,4036614982635855,4036620803579949
34,"void read_kernel<double>(double*, double const*, double const*, double const*, unsigned long, bool) ",2,0,51,3796166,3796166,134218240,512,32768,0,8,0,16,64,0x0,0x7fd3cbae2980,1659160,1659160,2097160,14680092,2104221,234936360,4036620803603138,4036614982654895,4036614983635700,4036620804742928
35,"void read_kernel<double>(double*, double const*, double const*, double const*, unsigned long, bool) ",2,0,52,3796166,3796166,134218240,512,32768,0,8,0,16,64,0x0,0x7fd3cbae2980,1603388,1603388,2097160,14680092,2098663,234938084,4036620803718908,4036614983635700,4036614984647545,4036620805748959
36,"void read_kernel<double>(double*, double const*, double const*, double const*, unsigned long, bool) ",2,0,54,3796166,3796166,134218240,512,32768,0,8,0,16,64,0x0,0x7fd3cbae2980,1649954,1649954,2097160,14680092,2095084,234939036,4036620805779019,4036614984667385,4036614985655070,4036620806915129
37,"void read_kernel<double>(double*, double const*, double const*, double const*, unsigned long, bool) ",2,0,55,3796166,3796166,134218240,512,32768,0,8,0,16,64,0x0,0x7fd3cbae2980,1634270,1634270,2097160,14680092,2096671,234937856,4036620805896678,4036614985655070,4036614986666595,4036620807943180
38,"void read_kernel<double>(double*, double const*, double const*, double const*, unsigned long, bool) ",2,0,57,3796166,3796166,134218240,512,32768,0,8,0,16,64,0x0,0x7fd3cbae2980,1653804,1653804,2097160,14680092,2100292,234938632,4036620807971179,4036614986686115,4036614987674920,4036620809118739
39,"void read_kernel<double>(double*, double const*, double const*, double const*, unsigned long, bool) ",2,0,58,3796166,3796166,134218240,512,32768,0,8,0,16,64,0x0,0x7fd3cbae2980,1608721,1608721,2097160,14680092,2095026,234937084,4036620808098238,4036614987674920,4036614988689325,4036620810130570
40,"void read_kernel<double>(double*, double const*, double const*, double const*, unsigned long, bool) ",2,0,60,3796166,3796166,134218240,512,32768,0,8,0,16,64,0x0,0x7fd3cbae2980,1649865,1649865,2097160,14680092,2095879,234934684,4036620810164010,4036614988710605,4036614989693169,4036620811297420
41,"void read_kernel<double>(double*, double const*, double const*, double const*, unsigned long, bool) ",2,0,61,3796166,3796166,134218240,512,32768,0,8,0,16,64,0x0,0x7fd3cbae2980,1602252,1602252,2097160,14680092,2101800,234939004,4036620810278839,4036614989693169,4036614990692534,4036620812305291
42,"void scale_kernel<double>(double*, double const*, double const*, double const*, unsigned long, bool) ",2,0,63,3796166,3796166,134218240,512,32768,0,8,0,16,64,0x0,0x7fd3cbae29c0,2802313,2802313,2097160,16777245,2414281,270137056,4036620812341580,4036614990722774,4036614992418783,4036620814181604
43,"void scale_kernel<double>(double*, double const*, double const*, double const*, unsigned long, bool) ",2,0,65,3796166,3796166,134218240,512,32768,0,8,0,16,64,0x0,0x7fd3cbae29c0,2774955,2774955,2097160,16777245,2391842,268458344,4036620814210154,4036614992439583,4036614994165511,4036620816050707
44,"void scale_kernel<double>(double*, double const*, double const*, double const*, unsigned long, bool) ",2,0,66,3796166,3796166,134218240,512,32768,0,8,0,16,64,0x0,0x7fd3cbae29c0,2771645,2771645,2097160,16777245,2401715,268457236,4036620814336882,4036614994165511,4036614995918160,4036620817773412
45,"void scale_kernel<double>(double*, double const*, double const*, double const*, unsigned long, bool) ",2,0,68,3796166,3796166,134218240,512,32768,0,8,0,16,64,0x0,0x7fd3cbae29c0,2747002,2747002,2097160,16777245,2398132,268459272,4036620817804031,4036614995939280,4036614997640248,4036620819614015
46,"void scale_kernel<double>(double*, double const*, double const*, double const*, unsigned long, bool) ",2,0,69,3796166,3796166,134218240,512,32768,0,8,0,16,64,0x0,0x7fd3cbae29c0,2767702,2767702,2097160,16777245,2394722,268458612,4036620817921221,4036614997640248,4036614999374336,4036620821335380
47,"void scale_kernel<double>(double*, double const*, double const*, double const*, unsigned long, bool) ",2,0,71,3796166,3796166,134218240,512,32768,0,8,0,16,64,0x0,0x7fd3cbae29c0,2772615,2772615,2097160,16777245,2396459,268459268,4036620821366150,4036614999396096,4036615001088105,4036620823196393
48,"void scale_kernel<double>(double*, double const*, double const*, double const*, unsigned long, bool) ",2,0,72,3796166,3796166,134218240,512,32768,0,8,0,16,64,0x0,0x7fd3cbae29c0,2767454,2767454,2097160,16777245,2398756,268458356,4036620821486998,4036615001088105,4036615002796273,4036620824914258
49,"void scale_kernel<double>(double*, double const*, double const*, double const*, unsigned long, bool) ",2,0,74,3796166,3796166,134218240,512,32768,0,8,0,16,64,0x0,0x7fd3cbae29c0,2826815,2826815,2097160,16777245,2397639,268457200,4036620824950688,4036615002828913,4036615004509561,4036620826812331
50,"void scale_kernel<double>(double*, double const*, double const*, double const*, unsigned long, bool) ",2,0,75,3796166,3796166,134218240,512,32768,0,8,0,16,64,0x0,0x7fd3cbae29c0,2735360,2735360,2097160,16777245,2398674,268458760,4036620825069147,4036615004509561,4036615006218369,4036620828519616
51,"void scale_kernel<double>(double*, double const*, double const*, double const*, unsigned long, bool) ",2,0,77,3796166,3796166,134218240,512,32768,0,8,0,16,64,0x0,0x7fd3cbae29c0,2767923,2767923,2097160,16777245,2395772,268460632,4036620828543926,4036615006240130,4036615007933418,4036620830386549
52,"void scale_kernel<double>(double*, double const*, double const*, double const*, unsigned long, bool) ",2,0,78,3796166,3796166,134218240,512,32768,0,8,0,16,64,0x0,0x7fd3cbae29c0,2782425,2782425,2097160,16777245,2399777,268457052,4036620828666014,4036615007933406,4036615009647174,4036620832107474
53,"void scale_kernel<double>(double*, double const*, double const*, double const*, unsigned long, bool) ",2,0,80,3796166,3796166,134218240,512,32768,0,8,0,16,64,0x0,0x7fd3cbae29c0,2821990,2821990,2097160,16777245,2396205,268458592,4036620832135543,4036615009667974,4036615011362222,4036620834006957
54,"void scale_kernel<double>(double*, double const*, double const*, double const*, unsigned long, bool) ",2,0,81,3796166,3796166,134218240,512,32768,0,8,0,16,64,0x0,0x7fd3cbae29c0,2770993,2770993,2097160,16777245,2397636,268456928,4036620832265852,4036615011362222,4036615013091190,4036620835734661
55,"void scale_kernel<double>(double*, double const*, double const*, double const*, unsigned long, bool) ",2,0,83,3796166,3796166,134218240,512,32768,0,8,0,16,64,0x0,0x7fd3cbae29c0,2782424,2782424,2097160,16777245,2393624,268458604,4036620835760371,4036615013112470,4036615014860958,4036620837591145
56,"void scale_kernel<double>(double*, double const*, double const*, double const*, unsigned long, bool) ",2,0,84,3796166,3796166,134218240,512,32768,0,8,0,16,64,0x0,0x7fd3cbae29c0,2770044,2770044,2097160,16777245,2394668,268457640,4036620835875520,4036615014860958,4036615016656327,4036620839313329
57,"void scale_kernel<double>(double*, double const*, double const*, double const*, unsigned long, bool) ",2,0,86,3796166,3796166,134218240,512,32768,0,8,0,16,64,0x0,0x7fd3cbae29c0,2764165,2764165,2097160,16777245,2394531,268459320,4036620839341369,4036615016677767,4036615018383055,4036620841160003
58,"void scale_kernel<double>(double*, double const*, double const*, double const*, unsigned long, bool) ",2,0,87,3796166,3796166,134218240,512,32768,0,8,0,16,64,0x0,0x7fd3cbae29c0,2755666,2755666,2097160,16777245,2397916,268458340,4036620839456348,4036615018383055,4036615020111704,4036620842871967
59,"void scale_kernel<double>(double*, double const*, double const*, double const*, unsigned long, bool) ",2,0,89,3796166,3796166,134218240,512,32768,0,8,0,16,64,0x0,0x7fd3cbae29c0,2776451,2776451,2097160,16777245,2396290,268459812,4036620842908417,4036615020135064,4036615021872832,4036620844739341
60,"void scale_kernel<double>(double*, double const*, double const*, double const*, unsigned long, bool) ",2,0,90,3796166,3796166,134218240,512,32768,0,8,0,16,64,0x0,0x7fd3cbae29c0,2714299,2714299,2097160,16777245,2401446,268456920,4036620843029836,4036615021872832,4036615023665801,4036620846431666
61,"void triad_kernel<double>(double*, double const*, double const*, double const*, unsigned long, bool) ",2,0,92,3796166,3796166,134218240,512,32768,0,8,0,16,64,0x0,0x7fd3cbae2a00,4053250,4053250,2097160,16777245,2410412,269979220,4036620846462185,4036615023688361,4036615026385814,4036620849073392
62,"void triad_kernel<double>(double*, double const*, double const*, double const*, unsigned long, bool) ",2,0,94,3796166,3796166,134218240,512,32768,0,8,0,16,64,0x0,0x7fd3cbae2a00,4115880,4115880,2097160,16777245,2397791,268449444,4036620849102632,4036615026408054,4036615029093347,4036620851772038
63,"void triad_kernel<double>(double*, double const*, double const*, double const*, unsigned long, bool) ",2,0,95,3796166,3796166,134218240,512,32768,0,8,0,16,64,0x0,0x7fd3cbae2a00,4052104,4052104,2097160,16777245,2399054,268449424,4036620849240561,4036615029093347,4036615031788400,4036620854285495
64,"void triad_kernel<double>(double*, double const*, double const*, double const*, unsigned long, bool) ",2,0,97,3796166,3796166,134218240,512,32768,0,8,0,16,64,0x0,0x7fd3cbae2a00,4094638,4094638,2097160,16777245,2396554,268448988,4036620854304215,4036615031810320,4036615034494973,4036620856954441
65,"void triad_kernel<double>(double*, double const*, double const*, double const*, unsigned long, bool) ",2,0,98,3796166,3796166,134218240,512,32768,0,8,0,16,64,0x0,0x7fd3cbae2a00,4054896,4054896,2097160,16777245,2399685,268449292,4036620854437864,4036615034494973,4036615037181866,4036620859467199
66,"void triad_kernel<double>(double*, double const*, double const*, double const*, unsigned long, bool) ",2,0,100,3796166,3796166,134218240,512,32768,0,8,0,16,64,0x0,0x7fd3cbae2a00,4062962,4062962,2097160,16777245,2398216,268449248,4036620859494569,4036615037203466,4036615039920919,4036620862120445
67,"void triad_kernel<double>(double*, double const*, double const*, double const*, unsigned long, bool) ",2,0,101,3796166,3796166,134218240,512,32768,0,8,0,16,64,0x0,0x7fd3cbae2a00,4046347,4046347,2097160,16777245,2393339,268448524,4036620859619448,4036615039920919,4036615042621092,4036620864616003
68,"void triad_kernel<double>(double*, double const*, double const*, double const*, unsigned long, bool) ",2,0,103,3796166,3796166,134218240,512,32768,0,8,0,16,64,0x0,0x7fd3cbae2a00,4070577,4070577,2097160,16777245,2396596,268448356,4036620864648793,4036615042642372,4036615045341745,4036620867270009
69,"void triad_kernel<double>(double*, double const*, double const*, double const*, unsigned long, bool) ",2,0,104,3796166,3796166,134218240,512,32768,0,8,0,16,64,0x0,0x7fd3cbae2a00,4042937,4042937,2097160,16777245,2397011,268448816,4036620864766392,4036615045341745,4036615048023518,4036620869773937
70,"void triad_kernel<double>(double*, double const*, double const*, double const*, unsigned long, bool) ",2,0,106,3796166,3796166,134218240,512,32768,0,8,0,16,64,0x0,0x7fd3cbae2a00,4072832,4072832,2097160,16777245,2396004,268449652,4036620869803197,4036615048045758,4036615050737291,4036620872420863
71,"void triad_kernel<double>(double*, double const*, double const*, double const*, unsigned long, bool) ",2,0,107,3796166,3796166,134218240,512,32768,0,8,0,16,64,0x0,0x7fd3cbae2a00,4053867,4053867,2097160,16777245,2396921,268449024,4036620869915476,4036615050737291,4036615053427703,4036620874929661
72,"void triad_kernel<double>(double*, double const*, double const*, double const*, unsigned long, bool) ",2,0,109,3796166,3796166,134218240,512,32768,0,8,0,16,64,0x0,0x7fd3cbae2a00,4054370,4054370,2097160,16777245,2390952,268449924,4036620874956471,4036615053449304,4036615056145317,4036620877577137
73,"void triad_kernel<double>(double*, double const*, double const*, double const*, unsigned long, bool) ",2,0,110,3796166,3796166,134218240,512,32768,0,8,0,16,64,0x0,0x7fd3cbae2a00,4043854,4043854,2097160,16777245,2396228,268449092,4036620875083310,4036615056145317,4036615058838769,4036620880080375
74,"void triad_kernel<double>(double*, double const*, double const*, double const*, unsigned long, bool) ",2,0,112,3796166,3796166,134218240,512,32768,0,8,0,16,64,0x0,0x7fd3cbae2a00,4057526,4057526,2097160,16777245,2395113,268448764,4036620880111545,4036615058859890,4036615061552542,4036620882731431
75,"void triad_kernel<double>(double*, double const*, double const*, double const*, unsigned long, bool) ",2,0,113,3796166,3796166,134218240,512,32768,0,8,0,16,64,0x0,0x7fd3cbae2a00,4076959,4076959,2097160,16777245,2395744,268448480,4036620880234543,4036615061552542,4036615064255755,4036620885248328
76,"void triad_kernel<double>(double*, double const*, double const*, double const*, unsigned long, bool) ",2,0,115,3796166,3796166,134218240,512,32768,0,8,0,16,64,0x0,0x7fd3cbae2a00,4062222,4062222,2097160,16777245,2398678,268449092,4036620885277038,4036615064277036,4036615066971128,4036620887891135
77,"void triad_kernel<double>(double*, double const*, double const*, double const*, unsigned long, bool) ",2,0,116,3796166,3796166,134218240,512,32768,0,8,0,16,64,0x0,0x7fd3cbae2a00,4071213,4071213,2097160,16777245,2395816,268448984,4036620885395987,4036615066971128,4036615069665221,4036620890407452
78,"void triad_kernel<double>(double*, double const*, double const*, double const*, unsigned long, bool) ",2,0,118,3796166,3796166,134218240,512,32768,0,8,0,16,64,0x0,0x7fd3cbae2a00,4061917,4061917,2097160,16777245,2397431,268448484,4036620890434262,4036615069687872,4036615072381803,4036620893059439
79,"void triad_kernel<double>(double*, double const*, double const*, double const*, unsigned long, bool) ",2,0,119,3796166,3796166,134218240,512,32768,0,8,0,16,64,0x0,0x7fd3cbae2a00,4290393,4290393,2097160,16777245,2393373,268449364,4036620890549541,4036615072381803,4036615075092214,4036620895695275
80,"void stencil1d3pt_kernel<double>(double*, double const*, double const*, double const*, unsigned long, bool) ",2,0,121,3796166,3796166,134218240,512,32768,0,12,4,16,64,0x0,0x7fd3cbae2a40,3130448,3130448,2097160,18874405,2708344,303041988,4036620895723845,4036615075115574,4036615077047262,4036620897779196
81,"void stencil1d3pt_kernel<double>(double*, double const*, double const*, double const*, unsigned long, bool) ",2,0,123,3796166,3796166,134218240,512,32768,0,12,4,16,64,0x0,0x7fd3cbae2a40,3120887,3120887,2097160,18874405,2701334,301994992,4036620897808646,4036615077067902,4036615078999110,4036620899858238
82,"void stencil1d3pt_kernel<double>(double*, double const*, double const*, double const*, unsigned long, bool) ",2,0,124,3796166,3796166,134218240,512,32768,0,12,4,16,64,0x0,0x7fd3cbae2a40,3099308,3099308,2097160,18874405,2696522,301994692,4036620897930945,4036615078999110,4036615080932877,4036620901797620
83,"void stencil1d3pt_kernel<double>(double*, double const*, double const*, double const*, unsigned long, bool) ",2,0,126,3796166,3796166,134218240,512,32768,0,12,4,16,64,0x0,0x7fd3cbae2a40,3033765,3033765,2097160,18874405,2696728,301994876,4036620901822570,4036615080965358,4036615082898486,4036620903817382
84,"void stencil1d3pt_kernel<double>(double*, double const*, double const*, double const*, unsigned long, bool) ",2,0,127,3796166,3796166,134218240,512,32768,0,12,4,16,64,0x0,0x7fd3cbae2a40,2989121,2989121,2097160,18874405,2694320,301994488,4036620901941249,4036615082898486,4036615084834333,4036620905679126
85,"void stencil1d3pt_kernel<double>(double*, double const*, double const*, double const*, unsigned long, bool) ",2,0,129,3796166,3796166,134218240,512,32768,0,12,4,16,64,0x0,0x7fd3cbae2a40,3029804,3029804,2097160,18874405,2695033,301994500,4036620905711676,4036615084865054,4036615086798341,4036620907693858
86,"void stencil1d3pt_kernel<double>(double*, double const*, double const*, double const*, unsigned long, bool) ",2,0,130,3796166,3796166,134218240,512,32768,0,12,4,16,64,0x0,0x7fd3cbae2a40,3036806,3036806,2097160,18874405,2696015,301994724,4036620905822515,4036615086798341,4036615088731949,4036620909588431
87,"void stencil1d3pt_kernel<double>(double*, double const*, double const*, double const*, unsigned long, bool) ",2,0,132,3796166,3796166,134218240,512,32768,0,12,4,16,64,0x0,0x7fd3cbae2a40,3040254,3040254,2097160,18874405,2698622,301994992,4036620909622141,4036615088752750,4036615090689397,4036620911615063
88,"void stencil1d3pt_kernel<double>(double*, double const*, double const*, double const*, unsigned long, bool) ",2,0,133,3796166,3796166,134218240,512,32768,0,12,4,16,64,0x0,0x7fd3cbae2a40,3011556,3011556,2097160,18874405,2690903,301994736,4036620909735089,4036615090689397,4036615092632765,4036620913494496
89,"void stencil1d3pt_kernel<double>(double*, double const*, double const*, double const*, unsigned long, bool) ",2,0,135,3796166,3796166,134218240,512,32768,0,12,4,16,64,0x0,0x7fd3cbae2a40,3051559,3051559,2097160,18874405,2696842,301995256,4036620913522316,4036615092667166,4036615094601093,4036620915524758
90,"void stencil1d3pt_kernel<double>(double*, double const*, double const*, double const*, unsigned long, bool) ",2,0,136,3796166,3796166,134218240,512,32768,0,12,4,16,64,0x0,0x7fd3cbae2a40,3029582,3029582,2097160,18874405,2698503,301995036,4036620913636645,4036615094601093,4036615096538861,4036620917413241
91,"void stencil1d3pt_kernel<double>(double*, double const*, double const*, double const*, unsigned long, bool) ",2,0,138,3796166,3796166,134218240,512,32768,0,12,4,16,64,0x0,0x7fd3cbae2a40,3005689,3005689,2097160,18874405,2697124,301995024,4036620917446631,4036615096560141,4036615098495509,4036620919420933
92,"void stencil1d3pt_kernel<double>(double*, double const*, double const*, double const*, unsigned long, bool) ",2,0,139,3796166,3796166,134218240,512,32768,0,12,4,16,64,0x0,0x7fd3cbae2a40,3013063,3013063,2097160,18874405,2697757,301994668,4036620917559579,4036615098495509,4036615100425597,4036620921301606
93,"void stencil1d3pt_kernel<double>(double*, double const*, double const*, double const*, unsigned long, bool) ",2,0,141,3796166,3796166,134218240,512,32768,0,12,4,16,64,0x0,0x7fd3cbae2a40,3044956,3044956,2097160,18874405,2692758,301994820,4036620921332256,4036615100446237,4036615102389445,4036620923337538
94,"void stencil1d3pt_kernel<double>(double*, double const*, double const*, double const*, unsigned long, bool) ",2,0,142,3796166,3796166,134218240,512,32768,0,12,4,16,64,0x0,0x7fd3cbae2a40,3020996,3020996,2097160,18874405,2696086,301994632,4036620921453595,4036615102389445,4036615104331053,4036620925225031
95,"void stencil1d3pt_kernel<double>(double*, double const*, double const*, double const*, unsigned long, bool) ",2,0,144,3796166,3796166,134218240,512,32768,0,12,4,16,64,0x0,0x7fd3cbae2a40,3035710,3035710,2097160,18874405,2697666,301995184,4036620925255501,4036615104352493,4036615106293621,4036620927263323
96,"void stencil1d3pt_kernel<double>(double*, double const*, double const*, double const*, unsigned long, bool) ",2,0,145,3796166,3796166,134218240,512,32768,0,12,4,16,64,0x0,0x7fd3cbae2a40,3022762,3022762,2097160,18874405,2696256,301994664,4036620925385620,4036615106293621,4036615108239869,4036620929143756
97,"void stencil1d3pt_kernel<double>(double*, double const*, double const*, double const*, unsigned long, bool) ",2,0,147,3796166,3796166,134218240,512,32768,0,12,4,16,64,0x0,0x7fd3cbae2a40,3035280,3035280,2097160,18874405,2697490,301995528,4036620929178016,4036615108263069,4036615110195557,4036620931176768
98,"void stencil1d3pt_kernel<double>(double*, double const*, double const*, double const*, unsigned long, bool) ",2,0,148,3796166,3796166,134218240,512,32768,0,12,4,16,64,0x0,0x7fd3cbae2a40,3063906,3063906,2097160,18874405,2696589,301994892,4036620929298085,4036615110195557,4036615112142285,4036620933088171
99,"void stencil1d5pt_kernel<double>(double*, double const*, double const*, double const*, unsigned long, bool) ",2,0,150,3796166,3796166,134218240,512,32768,0,20,4,16,64,0x0,0x7fd3cbae2a80,3667001,3667001,2097160,25165856,3612440,404341204,4036620933112680,4036615112165965,4036615114454135,4036620935510449
100,"void stencil1d5pt_kernel<double>(double*, double const*, double const*, double const*, unsigned long, bool) ",2,0,152,3796166,3796166,134218240,512,32768,0,20,4,16,64,0x0,0x7fd3cbae2a80,3667942,3667942,2097160,25165856,3598479,402660880,4036620935541149,4036615114476215,4036615116780224,4036620937953597
101,"void stencil1d5pt_kernel<double>(double*, double const*, double const*, double const*, unsigned long, bool) ",2,0,153,3796166,3796166,134218240,512,32768,0,20,4,16,64,0x0,0x7fd3cbae2a80,3635177,3635177,2097160,25165856,3592788,402660856,4036620935670408,4036615116780224,4036615119082474,4036620940236467
102,"void stencil1d5pt_kernel<double>(double*, double const*, double const*, double const*, unsigned long, bool) ",2,0,155,3796166,3796166,134218240,512,32768,0,20,4,16,64,0x0,0x7fd3cbae2a80,3683480,3683480,2097160,25165856,3598524,402660576,4036620940257997,4036615119105674,4036615121405203,4036620942686115
103,"void stencil1d5pt_kernel<double>(double*, double const*, double const*, double const*, unsigned long, bool) ",2,0,156,3796166,3796166,134218240,512,32768,0,20,4,16,64,0x0,0x7fd3cbae2a80,3583446,3583446,2097160,25165856,3595916,402661448,4036620940394165,4036615121405203,4036615123699773,4036620944928685
104,"void stencil1d5pt_kernel<double>(double*, double const*, double const*, double const*, unsigned long, bool) ",2,0,158,3796166,3796166,134218240,512,32768,0,20,4,16,64,0x0,0x7fd3cbae2a80,3618707,3618707,2097160,25165856,3590874,402661056,4036620944961134,4036615123721693,4036615126017542,4036620947326983
105,"void stencil1d5pt_kernel<double>(double*, double const*, double const*, double const*, unsigned long, bool) ",2,0,159,3796166,3796166,134218240,512,32768,0,20,4,16,64,0x0,0x7fd3cbae2a80,3567342,3567342,2097160,25165856,3594118,402660676,4036620945074613,4036615126017542,4036615128309392,4036620949561944
106,"void stencil1d5pt_kernel<double>(double*, double const*, double const*, double const*, unsigned long, bool) ",2,0,161,3796166,3796166,134218240,512,32768,0,20,4,16,64,0x0,0x7fd3cbae2a80,3582773,3582773,2097160,25165856,3590772,402660832,4036620949589343,4036615128400112,4036615130684281,4036620951934752
107,"void stencil1d5pt_kernel<double>(double*, double const*, double const*, double const*, unsigned long, bool) ",2,0,162,3796166,3796166,134218240,512,32768,0,20,4,16,64,0x0,0x7fd3cbae2a80,3565552,3565552,2097160,25165856,3587912,402660752,4036620949705462,4036615130684281,4036615132977891,4036620954175152
108,"void stencil1d5pt_kernel<double>(double*, double const*, double const*, double const*, unsigned long, bool) ",2,0,164,3796166,3796166,134218240,512,32768,0,20,4,16,64,0x0,0x7fd3cbae2a80,3583831,3583831,2097160,25165856,3592696,402660756,4036620954201332,4036615132999511,4036615135289600,4036620956561501
109,"void stencil1d5pt_kernel<double>(double*, double const*, double const*, double const*, unsigned long, bool) ",2,0,165,3796166,3796166,134218240,512,32768,0,20,4,16,64,0x0,0x7fd3cbae2a80,3576104,3576104,2097160,25165856,3598190,402660776,4036620954316481,4036615135289600,4036615137579209,4036620958788731
110,"void stencil1d5pt_kernel<double>(double*, double const*, double const*, double const*, unsigned long, bool) ",2,0,167,3796166,3796166,134218240,512,32768,0,20,4,16,64,0x0,0x7fd3cbae2a80,3565437,3565437,2097160,25165856,3597289,402660760,4036620958819881,4036615137601929,4036615139891698,4036620961156210
111,"void stencil1d5pt_kernel<double>(double*, double const*, double const*, double const*, unsigned long, bool) ",2,0,168,3796166,3796166,134218240,512,32768,0,20,4,16,64,0x0,0x7fd3cbae2a80,3563778,3563778,2097160,25165856,3595564,402660536,4036620958933630,4036615139891698,4036615142178268,4036620963390480
112,"void stencil1d5pt_kernel<double>(double*, double const*, double const*, double const*, unsigned long, bool) ",2,0,170,3796166,3796166,134218240,512,32768,0,20,4,16,64,0x0,0x7fd3cbae2a80,3585822,3585822,2097160,25165856,3593958,402660800,4036620963423969,4036615142200668,4036615144494438,4036620965772988
113,"void stencil1d5pt_kernel<double>(double*, double const*, double const*, double const*, unsigned long, bool) ",2,0,171,3796166,3796166,134218240,512,32768,0,20,4,16,64,0x0,0x7fd3cbae2a80,3564048,3564048,2097160,25165856,3600352,402660836,4036620963539008,4036615144494438,4036615146785007,4036620968004608
114,"void stencil1d5pt_kernel<double>(double*, double const*, double const*, double const*, unsigned long, bool) ",2,0,173,3796166,3796166,134218240,512,32768,0,20,4,16,64,0x0,0x7fd3cbae2a80,3586799,3586799,2097160,25165856,3590409,402661052,4036620968031388,4036615146807727,4036615149085817,4036620970387847
115,"void stencil1d5pt_kernel<double>(double*, double const*, double const*, double const*, unsigned long, bool) ",2,0,174,3796166,3796166,134218240,512,32768,0,20,4,16,64,0x0,0x7fd3cbae2a80,3565443,3565443,2097160,25165856,3597992,402660800,4036620968152427,4036615149085817,4036615151373186,4036620972623027
116,"void stencil1d5pt_kernel<double>(double*, double const*, double const*, double const*, unsigned long, bool) ",2,0,176,3796166,3796166,134218240,512,32768,0,20,4,16,64,0x0,0x7fd3cbae2a80,3579361,3579361,2097160,25165856,3592798,402660860,4036620972655187,4036615151395906,4036615153685676,4036620975004116
117,"void stencil1d5pt_kernel<double>(double*, double const*, double const*, double const*, unsigned long, bool) ",2,0,177,3796166,3796166,134218240,512,32768,0,20,4,16,64,0x0,0x7fd3cbae2a80,3569741,3569741,2097160,25165856,3592432,402661332,4036620972773456,4036615153685676,4036615155969845,4036620977239926
