Index,KernelName,gpu-id,queue-id,queue-index,pid,tid,grd,wgr,lds,scr,arch_vgpr,accum_vgpr,sgpr,wave_size,sig,obj,DispatchNs,BeginNs,EndNs,CompleteNs
0,"initKernel(HIP_vector_type<float, 4u>*, unsigned long) ",2,0,0,3453189,3453189,13312,256,0,0,8,0,16,64,0x0,0x7fd5b6248f00,3580960532349351,3580960532376760,3580960532380440,3580960532439110
1,"initKernel(HIP_vector_type<float, 4u>*, unsigned long) ",2,0,1,3453189,3453189,13312,256,0,0,8,0,16,64,0x0,0x7fd5b6248f00,3580960532388020,3580960532394840,3580960532397400,3580960532539449
2,"void sumKernel<24, 1024>(HIP_vector_type<float, 4u>*, HIP_vector_type<float, 4u> const*, int) ",2,0,3,3453189,3453189,102400000,1024,0,0,60,4,16,64,0x0,0x7fd5b6248f40,3580960532413710,3580960532420920,3580960541125246,3580960541185036
3,"initKernel(HIP_vector_type<float, 4u>*, unsigned long) ",2,0,5,3453189,3453189,13312,256,0,0,8,0,16,64,0x0,0x7fd5b6248f00,3580960541163506,3580960541178046,3580960541180926,3580960541227596
4,"initKernel(HIP_vector_type<float, 4u>*, unsigned long) ",2,0,6,3453189,3453189,13312,256,0,0,8,0,16,64,0x0,0x7fd5b6248f00,3580960541200476,3580960541252766,3580960541256126,3580960541258676
5,"void sumKernel<24, 1024>(HIP_vector_type<float, 4u>*, HIP_vector_type<float, 4u> const*, int) ",2,0,8,3453189,3453189,102400000,1024,0,0,60,4,16,64,0x0,0x7fd5b6248f40,3580960541269805,3580960541293566,3580960549040451,3580960549094252
6,"initKernel(HIP_vector_type<float, 4u>*, unsigned long) ",2,0,10,3453189,3453189,13312,256,0,0,8,0,16,64,0x0,0x7fd5b6248f00,3580960549110901,3580960549140292,3580960549143652,3580960549146251
7,"initKernel(HIP_vector_type<float, 4u>*, unsigned long) ",2,0,11,3453189,3453189,13312,256,0,0,8,0,16,64,0x0,0x7fd5b6248f00,3580960549179191,3580960549191972,3580960549195652,3580960549198211
8,"void sumKernel<24, 1024>(HIP_vector_type<float, 4u>*, HIP_vector_type<float, 4u> const*, int) ",2,0,13,3453189,3453189,102400000,1024,0,0,60,4,16,64,0x0,0x7fd5b6248f40,3580960549208020,3580960549244772,3580960556914217,3580960556972348
9,"initKernel(HIP_vector_type<float, 4u>*, unsigned long) ",2,0,15,3453189,3453189,13312,256,0,0,8,0,16,64,0x0,0x7fd5b6248f00,3580960556957968,3580960556971177,3580960556975017,3580960557029027
10,"initKernel(HIP_vector_type<float, 4u>*, unsigned long) ",2,0,16,3453189,3453189,13312,256,0,0,8,0,16,64,0x0,0x7fd5b6248f00,3580960556996787,3580960557058377,3580960557062697,3580960557065167
11,"void sumKernel<24, 1024>(HIP_vector_type<float, 4u>*, HIP_vector_type<float, 4u> const*, int) ",2,0,18,3453189,3453189,102400000,1024,0,0,60,4,16,64,0x0,0x7fd5b6248f40,3580960557075956,3580960557109737,3580960564774063,3580960564828744
12,"initKernel(HIP_vector_type<float, 4u>*, unsigned long) ",2,0,20,3453189,3453189,13312,256,0,0,8,0,16,64,0x0,0x7fd5b6248f00,3580960564842164,3580960564878703,3580960564883183,3580960564886143
13,"initKernel(HIP_vector_type<float, 4u>*, unsigned long) ",2,0,21,3453189,3453189,13312,256,0,0,8,0,16,64,0x0,0x7fd5b6248f00,3580960564895663,3580960564920463,3580960564924463,3580960564927232
14,"void sumKernel<24, 1024>(HIP_vector_type<float, 4u>*, HIP_vector_type<float, 4u> const*, int) ",2,0,23,3453189,3453189,102400000,1024,0,0,60,4,16,64,0x0,0x7fd5b6248f40,3580960564937702,3580960564969743,3580960573192469,3580960573252064
15,"initKernel(HIP_vector_type<float, 4u>*, unsigned long) ",2,0,25,3453189,3453189,13312,256,0,0,8,0,16,64,0x0,0x7fd5b6248f00,3580960573286453,3580960573302389,3580960573307029,3580960573310053
16,"initKernel(HIP_vector_type<float, 4u>*, unsigned long) ",2,0,26,3453189,3453189,13312,256,0,0,8,0,16,64,0x0,0x7fd5b6248f00,3580960573314743,3580960573345909,3580960573350069,3580960573352443
17,"void sumKernel<24, 1024>(HIP_vector_type<float, 4u>*, HIP_vector_type<float, 4u> const*, int) ",2,0,28,3453189,3453189,102400000,1024,0,0,60,4,16,64,0x0,0x7fd5b6248f40,3580960573363653,3580960573389749,3580960581589595,3580960581609684
18,"initKernel(HIP_vector_type<float, 4u>*, unsigned long) ",2,0,30,3453189,3453189,13312,256,0,0,8,0,16,64,0x0,0x7fd5b6248f00,3580960581667624,3580960581681435,3580960581686395,3580960581688764
19,"initKernel(HIP_vector_type<float, 4u>*, unsigned long) ",2,0,31,3453189,3453189,13312,256,0,0,8,0,16,64,0x0,0x7fd5b6248f00,3580960581690004,3580960581715195,3580960581719675,3580960581721913
20,"void sumKernel<24, 1024>(HIP_vector_type<float, 4u>*, HIP_vector_type<float, 4u> const*, int) ",2,0,33,3453189,3453189,102400000,1024,0,0,60,4,16,64,0x0,0x7fd5b6248f40,3580960581733273,3580960581752795,3580960590336001,3580960590357021
21,"initKernel(HIP_vector_type<float, 4u>*, unsigned long) ",2,0,35,3453189,3453189,13312,256,0,0,8,0,16,64,0x0,0x7fd5b6248f00,3580960590411770,3580960590425601,3580960590430241,3580960590432990
22,"initKernel(HIP_vector_type<float, 4u>*, unsigned long) ",2,0,36,3453189,3453189,13312,256,0,0,8,0,16,64,0x0,0x7fd5b6248f00,3580960590433940,3580960590468321,3580960590472961,3580960590475390
23,"void sumKernel<24, 1024>(HIP_vector_type<float, 4u>*, HIP_vector_type<float, 4u> const*, int) ",2,0,38,3453189,3453189,102400000,1024,0,0,60,4,16,64,0x0,0x7fd5b6248f40,3580960590486299,3580960590507983,3580960598047348,3580960598074528
24,"initKernel(HIP_vector_type<float, 4u>*, unsigned long) ",2,0,40,3453189,3453189,13312,256,0,0,8,0,16,64,0x0,0x7fd5b6248f00,3580960598156537,3580960598171988,3580960598177268,3580960598179807
25,"initKernel(HIP_vector_type<float, 4u>*, unsigned long) ",2,0,41,3453189,3453189,13312,256,0,0,8,0,16,64,0x0,0x7fd5b6248f00,3580960598182827,3580960598207988,3580960598212628,3580960598215647
26,"void sumKernel<24, 1024>(HIP_vector_type<float, 4u>*, HIP_vector_type<float, 4u> const*, int) ",2,0,43,3453189,3453189,102400000,1024,0,0,60,4,16,64,0x0,0x7fd5b6248f40,3580960598226307,3580960598236148,3580960605732473,3580960605755056
27,"initKernel(HIP_vector_type<float, 4u>*, unsigned long) ",2,0,45,3453189,3453189,13312,256,0,0,8,0,16,64,0x0,0x7fd5b6248f00,3580960605821066,3580960605835673,3580960605841273,3580960605843526
28,"initKernel(HIP_vector_type<float, 4u>*, unsigned long) ",2,0,46,3453189,3453189,13312,256,0,0,8,0,16,64,0x0,0x7fd5b6248f00,3580960605845646,3580960605871513,3580960605877433,3580960605880345
29,"void sumKernel<24, 1024>(HIP_vector_type<float, 4u>*, HIP_vector_type<float, 4u> const*, int) ",2,0,48,3453189,3453189,102400000,1024,0,0,60,4,16,64,0x0,0x7fd5b6248f40,3580960605891815,3580960605916473,3580960613587678,3580960613605672
30,"initKernel(HIP_vector_type<float, 4u>*, unsigned long) ",2,0,50,3453189,3453189,13312,256,0,0,8,0,16,64,0x0,0x7fd5b6248f00,3580960613671242,3580960613689438,3580960613695198,3580960613697602
31,"initKernel(HIP_vector_type<float, 4u>*, unsigned long) ",2,0,51,3453189,3453189,13312,256,0,0,8,0,16,64,0x0,0x7fd5b6248f00,3580960613700462,3580960613726878,3580960613732798,3580960613735041
32,"void sumKernel<24, 1024>(HIP_vector_type<float, 4u>*, HIP_vector_type<float, 4u> const*, int) ",2,0,53,3453189,3453189,102400000,1024,0,0,60,4,16,64,0x0,0x7fd5b6248f40,3580960613746021,3580960613755838,3580960621427363,3580960621446739
33,"initKernel(HIP_vector_type<float, 4u>*, unsigned long) ",2,0,55,3453189,3453189,13312,256,0,0,8,0,16,64,0x0,0x7fd5b6248f00,3580960621508688,3580960621522724,3580960621528644,3580960621530828
34,"initKernel(HIP_vector_type<float, 4u>*, unsigned long) ",2,0,56,3453189,3453189,13312,256,0,0,8,0,16,64,0x0,0x7fd5b6248f00,3580960621530528,3580960621584004,3580960621590084,3580960621592277
35,"void sumKernel<24, 1024>(HIP_vector_type<float, 4u>*, HIP_vector_type<float, 4u> const*, int) ",2,0,58,3453189,3453189,102400000,1024,0,0,60,4,16,64,0x0,0x7fd5b6248f40,3580960621626147,3580960621649444,3580960629139689,3580960629156417
36,"initKernel(HIP_vector_type<float, 4u>*, unsigned long) ",2,0,60,3453189,3453189,13312,256,0,0,8,0,16,64,0x0,0x7fd5b6248f00,3580960629351584,3580960629366089,3580960629371849,3580960629373984
37,"initKernel(HIP_vector_type<float, 4u>*, unsigned long) ",2,0,61,3453189,3453189,13312,256,0,0,8,0,16,64,0x0,0x7fd5b6248f00,3580960629380714,3580960629387849,3580960629394249,3580960629396354
38,"void sumKernel<24, 1024>(HIP_vector_type<float, 4u>*, HIP_vector_type<float, 4u> const*, int) ",2,0,63,3453189,3453189,102400000,1024,0,0,60,4,16,64,0x0,0x7fd5b6248f40,3580960629428294,3580960629440009,3580960636945934,3580960636964253
39,"initKernel(HIP_vector_type<float, 4u>*, unsigned long) ",2,0,65,3453189,3453189,13312,256,0,0,8,0,16,64,0x0,0x7fd5b6248f00,3580960637034802,3580960637048334,3580960637054574,3580960637056742
40,"initKernel(HIP_vector_type<float, 4u>*, unsigned long) ",2,0,66,3453189,3453189,13312,256,0,0,8,0,16,64,0x0,0x7fd5b6248f00,3580960637057392,3580960637079534,3580960637086254,3580960637088352
41,"void sumKernel<24, 1024>(HIP_vector_type<float, 4u>*, HIP_vector_type<float, 4u> const*, int) ",2,0,68,3453189,3453189,102400000,1024,0,0,60,4,16,64,0x0,0x7fd5b6248f40,3580960637099432,3580960637106094,3580960644556979,3580960644572382
42,"initKernel(HIP_vector_type<float, 4u>*, unsigned long) ",2,0,70,3453189,3453189,13312,256,0,0,8,0,16,64,0x0,0x7fd5b6248f00,3580960644630621,3580960644643699,3580960644650259,3580960644652511
43,"initKernel(HIP_vector_type<float, 4u>*, unsigned long) ",2,0,71,3453189,3453189,13312,256,0,0,8,0,16,64,0x0,0x7fd5b6248f00,3580960644651441,3580960644666099,3580960644672979,3580960644674981
44,"void sumKernel<24, 1024>(HIP_vector_type<float, 4u>*, HIP_vector_type<float, 4u> const*, int) ",2,0,73,3453189,3453189,102400000,1024,0,0,60,4,16,64,0x0,0x7fd5b6248f40,3580960644686791,3580960644693139,3580960652734905,3580960652752134
45,"initKernel(HIP_vector_type<float, 4u>*, unsigned long) ",2,0,75,3453189,3453189,13312,256,0,0,8,0,16,64,0x0,0x7fd5b6248f00,3580960652808124,3580960652821305,3580960652828025,3580960652830104
46,"initKernel(HIP_vector_type<float, 4u>*, unsigned long) ",2,0,76,3453189,3453189,13312,256,0,0,8,0,16,64,0x0,0x7fd5b6248f00,3580960652830724,3580960652871385,3580960652878585,3580960652880613
47,"void sumKernel<24, 1024>(HIP_vector_type<float, 4u>*, HIP_vector_type<float, 4u> const*, int) ",2,0,78,3453189,3453189,102400000,1024,0,0,60,4,16,64,0x0,0x7fd5b6248f40,3580960652897153,3580960652912025,3580960660397310,3580960660416252
48,"initKernel(HIP_vector_type<float, 4u>*, unsigned long) ",2,0,80,3453189,3453189,13312,256,0,0,8,0,16,64,0x0,0x7fd5b6248f00,3580960660502831,3580960660516990,3580960660523710,3580960660525831
49,"initKernel(HIP_vector_type<float, 4u>*, unsigned long) ",2,0,81,3453189,3453189,13312,256,0,0,8,0,16,64,0x0,0x7fd5b6248f00,3580960660527231,3580960660540990,3580960660548190,3580960660550231
50,"void sumKernel<24, 1024>(HIP_vector_type<float, 4u>*, HIP_vector_type<float, 4u> const*, int) ",2,0,83,3453189,3453189,102400000,1024,0,0,60,4,16,64,0x0,0x7fd5b6248f40,3580960660561991,3580960660577748,3580960668154870,3580960668179290
51,"initKernel(HIP_vector_type<float, 4u>*, unsigned long) ",2,0,85,3453189,3453189,13312,256,0,0,8,0,16,64,0x0,0x7fd5b6248f00,3580960668235559,3580960668262390,3580960668269270,3580960668271709
52,"initKernel(HIP_vector_type<float, 4u>*, unsigned long) ",2,0,86,3453189,3453189,13312,256,0,0,8,0,16,64,0x0,0x7fd5b6248f00,3580960668271009,3580960668278390,3580960668285590,3580960668287859
53,"void sumKernel<24, 1024>(HIP_vector_type<float, 4u>*, HIP_vector_type<float, 4u> const*, int) ",2,0,88,3453189,3453189,102400000,1024,0,0,60,4,16,64,0x0,0x7fd5b6248f40,3580960668298438,3580960668305910,3580960675900952,3580960675922657
54,"initKernel(HIP_vector_type<float, 4u>*, unsigned long) ",2,0,90,3453189,3453189,13312,256,0,0,8,0,16,64,0x0,0x7fd5b6248f00,3580960675971446,3580960675984152,3580960675991032,3580960675996096
55,"initKernel(HIP_vector_type<float, 4u>*, unsigned long) ",2,0,91,3453189,3453189,13312,256,0,0,8,0,16,64,0x0,0x7fd5b6248f00,3580960675991906,3580960675999032,3580960676006552,3580960676008536
56,"void sumKernel<24, 1024>(HIP_vector_type<float, 4u>*, HIP_vector_type<float, 4u> const*, int) ",2,0,93,3453189,3453189,102400000,1024,0,0,60,4,16,64,0x0,0x7fd5b6248f40,3580960676019996,3580960676026872,3580960683791995,3580960683813142
57,"initKernel(HIP_vector_type<float, 4u>*, unsigned long) ",2,0,95,3453189,3453189,13312,256,0,0,8,0,16,64,0x0,0x7fd5b6248f00,3580960683864112,3580960683878075,3580960683885435,3580960683889322
58,"initKernel(HIP_vector_type<float, 4u>*, unsigned long) ",2,0,96,3453189,3453189,13312,256,0,0,8,0,16,64,0x0,0x7fd5b6248f00,3580960683885352,3580960683891995,3580960683899515,3580960683901841
59,"void sumKernel<24, 1024>(HIP_vector_type<float, 4u>*, HIP_vector_type<float, 4u> const*, int) ",2,0,98,3453189,3453189,102400000,1024,0,0,60,4,16,64,0x0,0x7fd5b6248f40,3580960683912741,3580960683919835,3580960692033758,3580960692052294
60,"initKernel(HIP_vector_type<float, 4u>*, unsigned long) ",2,0,100,3453189,3453189,13312,256,0,0,8,0,16,64,0x0,0x7fd5b6248f00,3580960692107914,3580960692120478,3580960692128798,3580960692132274
61,"initKernel(HIP_vector_type<float, 4u>*, unsigned long) ",2,0,101,3453189,3453189,13312,256,0,0,8,0,16,64,0x0,0x7fd5b6248f00,3580960692128584,3580960692135518,3580960692143838,3580960692146084
62,"void sumKernel<24, 1024>(HIP_vector_type<float, 4u>*, HIP_vector_type<float, 4u> const*, int) ",2,0,103,3453189,3453189,102400000,1024,0,0,60,4,16,64,0x0,0x7fd5b6248f40,3580960692156643,3580960692162718,3580960700544160,3580960700566943
63,"initKernel(HIP_vector_type<float, 4u>*, unsigned long) ",2,0,105,3453189,3453189,13312,256,0,0,8,0,16,64,0x0,0x7fd5b6248f00,3580960700642843,3580960700657760,3580960700666400,3580960700670902
64,"initKernel(HIP_vector_type<float, 4u>*, unsigned long) ",2,0,106,3453189,3453189,13312,256,0,0,8,0,16,64,0x0,0x7fd5b6248f00,3580960700666502,3580960700673600,3580960700683360,3580960700685752
65,"void sumKernel<24, 1024>(HIP_vector_type<float, 4u>*, HIP_vector_type<float, 4u> const*, int) ",2,0,108,3453189,3453189,102400000,1024,0,0,60,4,16,64,0x0,0x7fd5b6248f40,3580960700696252,3580960700729921,3580960709214883,3580960709234461
66,"initKernel(HIP_vector_type<float, 4u>*, unsigned long) ",2,0,110,3453189,3453189,13312,256,0,0,8,0,16,64,0x0,0x7fd5b6248f00,3580960709294590,3580960709307683,3580960709316643,3580960709321420
67,"initKernel(HIP_vector_type<float, 4u>*, unsigned long) ",2,0,111,3453189,3453189,13312,256,0,0,8,0,16,64,0x0,0x7fd5b6248f00,3580960709317430,3580960709324643,3580960709334723,3580960709337120
68,"void sumKernel<24, 1024>(HIP_vector_type<float, 4u>*, HIP_vector_type<float, 4u> const*, int) ",2,0,113,3453189,3453189,102400000,1024,0,0,60,4,16,64,0x0,0x7fd5b6248f40,3580960709347740,3580960709354883,3580960717701766,3580960717718810
69,"initKernel(HIP_vector_type<float, 4u>*, unsigned long) ",2,0,115,3453189,3453189,13312,256,0,0,8,0,16,64,0x0,0x7fd5b6248f00,3580960717773210,3580960717785766,3580960717796326,3580960717800379
70,"initKernel(HIP_vector_type<float, 4u>*, unsigned long) ",2,0,116,3453189,3453189,13312,256,0,0,8,0,16,64,0x0,0x7fd5b6248f00,3580960717794019,3580960717801126,3580960717810726,3580960717813019
71,"void sumKernel<24, 1024>(HIP_vector_type<float, 4u>*, HIP_vector_type<float, 4u> const*, int) ",2,0,118,3453189,3453189,102400000,1024,0,0,60,4,16,64,0x0,0x7fd5b6248f40,3580960717823399,3580960717830566,3580960726569609,3580960726590316
72,"initKernel(HIP_vector_type<float, 4u>*, unsigned long) ",2,0,120,3453189,3453189,13312,256,0,0,8,0,16,64,0x0,0x7fd5b6248f00,3580960726650645,3580960726666249,3580960726676649,3580960726678985
73,"initKernel(HIP_vector_type<float, 4u>*, unsigned long) ",2,0,121,3453189,3453189,13312,256,0,0,8,0,16,64,0x0,0x7fd5b6248f00,3580960726675845,3580960726682249,3580960726693929,3580960726696124
74,"void sumKernel<24, 1024>(HIP_vector_type<float, 4u>*, HIP_vector_type<float, 4u> const*, int) ",2,0,123,3453189,3453189,102400000,1024,0,0,60,4,16,64,0x0,0x7fd5b6248f40,3580960726706344,3580960726713277,3580960736437440,3580960736461450
75,"initKernel(HIP_vector_type<float, 4u>*, unsigned long) ",2,0,125,3453189,3453189,13312,256,0,0,8,0,16,64,0x0,0x7fd5b6248f00,3580960736513370,3580960736527840,3580960736539200,3580960736541229
76,"initKernel(HIP_vector_type<float, 4u>*, unsigned long) ",2,0,126,3453189,3453189,13312,256,0,0,8,0,16,64,0x0,0x7fd5b6248f00,3580960736537249,3580960736544160,3580960736556800,3580960736559149
77,"void sumKernel<24, 1024>(HIP_vector_type<float, 4u>*, HIP_vector_type<float, 4u> const*, int) ",2,0,128,3453189,3453189,102400000,1024,0,0,60,4,16,64,0x0,0x7fd5b6248f40,3580960736569789,3580960736576800,3580960747122243,3580960747143556
78,"initKernel(HIP_vector_type<float, 4u>*, unsigned long) ",2,0,130,3453189,3453189,13312,256,0,0,8,0,16,64,0x0,0x7fd5b6248f00,3580960747195756,3580960747209283,3580960747221443,3580960747223505
79,"initKernel(HIP_vector_type<float, 4u>*, unsigned long) ",2,0,131,3453189,3453189,13312,256,0,0,8,0,16,64,0x0,0x7fd5b6248f00,3580960747217725,3580960747226243,3580960747239043,3580960747241315
80,"void sumKernel<24, 1024>(HIP_vector_type<float, 4u>*, HIP_vector_type<float, 4u> const*, int) ",2,0,133,3453189,3453189,102400000,1024,0,0,60,4,16,64,0x0,0x7fd5b6248f40,3580960747252435,3580960747259363,3580960759104167,3580960759126848
81,"initKernel(HIP_vector_type<float, 4u>*, unsigned long) ",2,0,135,3453189,3453189,13312,256,0,0,8,0,16,64,0x0,0x7fd5b6248f00,3580960759181708,3580960759196007,3580960759209127,3580960759211457
82,"initKernel(HIP_vector_type<float, 4u>*, unsigned long) ",2,0,136,3453189,3453189,13312,256,0,0,8,0,16,64,0x0,0x7fd5b6248f00,3580960759204427,3580960759214247,3580960759228327,3580960759230697
83,"void sumKernel<24, 1024>(HIP_vector_type<float, 4u>*, HIP_vector_type<float, 4u> const*, int) ",2,0,138,3453189,3453189,102400000,1024,0,0,60,4,16,64,0x0,0x7fd5b6248f40,3580960759240887,3580960759248647,3580960771612331,3580960771634984
84,"initKernel(HIP_vector_type<float, 4u>*, unsigned long) ",2,0,140,3453189,3453189,13312,256,0,0,8,0,16,64,0x0,0x7fd5b6248f00,3580960771685954,3580960771699371,3580960771713131,3580960771715443
85,"initKernel(HIP_vector_type<float, 4u>*, unsigned long) ",2,0,141,3453189,3453189,13312,256,0,0,8,0,16,64,0x0,0x7fd5b6248f00,3580960771708303,3580960771718091,3580960771734251,3580960771736603
86,"void sumKernel<24, 1024>(HIP_vector_type<float, 4u>*, HIP_vector_type<float, 4u> const*, int) ",2,0,143,3453189,3453189,102400000,1024,0,0,60,4,16,64,0x0,0x7fd5b6248f40,3580960771746873,3580960771753771,3580960785251215,3580960785269139
87,"initKernel(HIP_vector_type<float, 4u>*, unsigned long) ",2,0,145,3453189,3453189,13312,256,0,0,8,0,16,64,0x0,0x7fd5b6248f00,3580960785327278,3580960785341295,3580960785357295,3580960785359588
88,"initKernel(HIP_vector_type<float, 4u>*, unsigned long) ",2,0,146,3453189,3453189,13312,256,0,0,8,0,16,64,0x0,0x7fd5b6248f00,3580960785350038,3580960785357295,3580960785372015,3580960785374278
89,"void sumKernel<24, 1024>(HIP_vector_type<float, 4u>*, HIP_vector_type<float, 4u> const*, int) ",2,0,148,3453189,3453189,102400000,1024,0,0,60,4,16,64,0x0,0x7fd5b6248f40,3580960785385308,3580960785392130,3580960800760133,3580960800783613
90,"initKernel(HIP_vector_type<float, 4u>*, unsigned long) ",2,0,150,3453189,3453189,13312,256,0,0,8,0,16,64,0x0,0x7fd5b6248f00,3580960800841552,3580960800855333,3580960800871333,3580960800876222
91,"initKernel(HIP_vector_type<float, 4u>*, unsigned long) ",2,0,151,3453189,3453189,13312,256,0,0,8,0,16,64,0x0,0x7fd5b6248f00,3580960800870672,3580960800878373,3580960800895813,3580960800898312
92,"void sumKernel<24, 1024>(HIP_vector_type<float, 4u>*, HIP_vector_type<float, 4u> const*, int) ",2,0,153,3453189,3453189,102400000,1024,0,0,60,4,16,64,0x0,0x7fd5b6248f40,3580960800910152,3580960800917093,3580960811810375,3580960811832145
93,"initKernel(HIP_vector_type<float, 4u>*, unsigned long) ",2,0,155,3453189,3453189,13312,256,0,0,8,0,16,64,0x0,0x7fd5b6248f00,3580960811892694,3580960811906695,3580960811925575,3580960811928094
94,"initKernel(HIP_vector_type<float, 4u>*, unsigned long) ",2,0,156,3453189,3453189,13312,256,0,0,8,0,16,64,0x0,0x7fd5b6248f00,3580960811918414,3580960811925575,3580960811943975,3580960811946304
95,"void sumKernel<24, 1024>(HIP_vector_type<float, 4u>*, HIP_vector_type<float, 4u> const*, int) ",2,0,158,3453189,3453189,102400000,1024,0,0,60,4,16,64,0x0,0x7fd5b6248f40,3580960811956394,3580960811962535,3580960835545741,3580960835584911
96,"initKernel(HIP_vector_type<float, 4u>*, unsigned long) ",2,0,160,3453189,3453189,13312,256,0,0,8,0,16,64,0x0,0x7fd5b6248f00,3580960835621211,3580960835633741,3580960835653421,3580960835674930
97,"initKernel(HIP_vector_type<float, 4u>*, unsigned long) ",2,0,161,3453189,3453189,13312,256,0,0,8,0,16,64,0x0,0x7fd5b6248f00,3580960835650120,3580960835678861,3580960835698381,3580960835700770
98,"void sumKernel<24, 1024>(HIP_vector_type<float, 4u>*, HIP_vector_type<float, 4u> const*, int) ",2,0,163,3453189,3453189,102400000,1024,0,0,60,4,16,64,0x0,0x7fd5b6248f40,3580960835711770,3580960835718061,3580960858760627,3580960858801283
99,"initKernel(HIP_vector_type<float, 4u>*, unsigned long) ",2,0,165,3453189,3453189,13312,256,0,0,8,0,16,64,0x0,0x7fd5b6248f00,3580960858854463,3580960858867347,3580960858888947,3580960858891192
100,"initKernel(HIP_vector_type<float, 4u>*, unsigned long) ",2,0,166,3453189,3453189,13312,256,0,0,8,0,16,64,0x0,0x7fd5b6248f00,3580960858879642,3580960858888947,3580960858910547,3580960858912972
101,"void sumKernel<24, 1024>(HIP_vector_type<float, 4u>*, HIP_vector_type<float, 4u> const*, int) ",2,0,168,3453189,3453189,102400000,1024,0,0,60,4,16,64,0x0,0x7fd5b6248f40,3580960858924152,3580960858931496,3580960886768794,3580960886827874
102,"initKernel(HIP_vector_type<float, 4u>*, unsigned long) ",2,0,170,3453189,3453189,13312,256,0,0,8,0,16,64,0x0,0x7fd5b6248f00,3580960886854873,3580960886867674,3580960886890554,3580960886892873
103,"initKernel(HIP_vector_type<float, 4u>*, unsigned long) ",2,0,171,3453189,3453189,13312,256,0,0,8,0,16,64,0x0,0x7fd5b6248f00,3580960886876353,3580960886890554,3580960886914394,3580960886916463
104,"void sumKernel<24, 1024>(HIP_vector_type<float, 4u>*, HIP_vector_type<float, 4u> const*, int) ",2,0,173,3453189,3453189,102400000,1024,0,0,60,4,16,64,0x0,0x7fd5b6248f40,3580960886926753,3580960886933274,3580960909093928,3580960909147705
105,"initKernel(HIP_vector_type<float, 4u>*, unsigned long) ",2,0,175,3453189,3453189,13312,256,0,0,8,0,16,64,0x0,0x7fd5b6248f00,3580960909186475,3580960909200488,3580960909225608,3580960909228954
106,"initKernel(HIP_vector_type<float, 4u>*, unsigned long) ",2,0,176,3453189,3453189,13312,256,0,0,8,0,16,64,0x0,0x7fd5b6248f00,3580960909209585,3580960909231048,3580960909255368,3580960909257424
107,"void sumKernel<24, 1024>(HIP_vector_type<float, 4u>*, HIP_vector_type<float, 4u> const*, int) ",2,0,178,3453189,3453189,102400000,1024,0,0,60,4,16,64,0x0,0x7fd5b6248f40,3580960909268404,3580960909276168,3580960940118428,3580960940172974
108,"initKernel(HIP_vector_type<float, 4u>*, unsigned long) ",2,0,180,3453189,3453189,13312,256,0,0,8,0,16,64,0x0,0x7fd5b6248f00,3580960940199454,3580960940212508,3580960940240508,3580960940242683
109,"initKernel(HIP_vector_type<float, 4u>*, unsigned long) ",2,0,181,3453189,3453189,13312,256,0,0,8,0,16,64,0x0,0x7fd5b6248f00,3580960940221263,3580960940240508,3580960940268508,3580960940270483
110,"void sumKernel<24, 1024>(HIP_vector_type<float, 4u>*, HIP_vector_type<float, 4u> const*, int) ",2,0,183,3453189,3453189,102400000,1024,0,0,60,4,16,64,0x0,0x7fd5b6248f40,3580960940281143,3580960940287376,3580960971906424,3580960971965294
111,"initKernel(HIP_vector_type<float, 4u>*, unsigned long) ",2,0,185,3453189,3453189,13312,256,0,0,8,0,16,64,0x0,0x7fd5b6248f00,3580960971990254,3580960972002264,3580960972032824,3580960972035003
112,"initKernel(HIP_vector_type<float, 4u>*, unsigned long) ",2,0,186,3453189,3453189,13312,256,0,0,8,0,16,64,0x0,0x7fd5b6248f00,3580960972018294,3580960972037464,3580960972068824,3580960972071203
113,"void sumKernel<24, 1024>(HIP_vector_type<float, 4u>*, HIP_vector_type<float, 4u> const*, int) ",2,0,188,3453189,3453189,102400000,1024,0,0,60,4,16,64,0x0,0x7fd5b6248f40,3580960972081633,3580960972088824,3580961000517151,3580961000571439
114,"initKernel(HIP_vector_type<float, 4u>*, unsigned long) ",2,0,190,3453189,3453189,13312,256,0,0,8,0,16,64,0x0,0x7fd5b6248f00,3580961000595918,3580961000608191,3580961000640351,3580961000642888
115,"initKernel(HIP_vector_type<float, 4u>*, unsigned long) ",2,0,191,3453189,3453189,13312,256,0,0,8,0,16,64,0x0,0x7fd5b6248f00,3580961000619008,3580961000640351,3580961000671551,3580961000673908
116,"void sumKernel<24, 1024>(HIP_vector_type<float, 4u>*, HIP_vector_type<float, 4u> const*, int) ",2,0,193,3453189,3453189,102400000,1024,0,0,60,4,16,64,0x0,0x7fd5b6248f40,3580961000684328,3580961000691391,3580961028298758,3580961028337812
117,"initKernel(HIP_vector_type<float, 4u>*, unsigned long) ",2,0,195,3453189,3453189,13312,256,0,0,8,0,16,64,0x0,0x7fd5b6248f00,3580961028400172,3580961028412838,3580961028448198,3580961028450901
118,"initKernel(HIP_vector_type<float, 4u>*, unsigned long) ",2,0,196,3453189,3453189,13312,256,0,0,8,0,16,64,0x0,0x7fd5b6248f00,3580961028423181,3580961028448198,3580961028484358,3580961028486840
119,"void sumKernel<24, 1024>(HIP_vector_type<float, 4u>*, HIP_vector_type<float, 4u> const*, int) ",2,0,198,3453189,3453189,102400000,1024,0,0,60,4,16,64,0x0,0x7fd5b6248f40,3580961028497260,3580961028504660,3580961063699234,3580961063761794
120,"initKernel(HIP_vector_type<float, 4u>*, unsigned long) ",2,0,200,3453189,3453189,13312,256,0,0,8,0,16,64,0x0,0x7fd5b6248f00,3580961063778763,3580961063801474,3580961063841634,3580961063844213
121,"initKernel(HIP_vector_type<float, 4u>*, unsigned long) ",2,0,201,3453189,3453189,13312,256,0,0,8,0,16,64,0x0,0x7fd5b6248f00,3580961063817383,3580961063841634,3580961063881314,3580961063883512
122,"void sumKernel<24, 1024>(HIP_vector_type<float, 4u>*, HIP_vector_type<float, 4u> const*, int) ",2,0,203,3453189,3453189,102400000,1024,0,0,60,4,16,64,0x0,0x7fd5b6248f40,3580961063893752,3580961063900034,3580961099022608,3580961099079386
123,"initKernel(HIP_vector_type<float, 4u>*, unsigned long) ",2,0,205,3453189,3453189,13312,256,0,0,8,0,16,64,0x0,0x7fd5b6248f00,3580961099102806,3580961099114768,3580961099158128,3580961099160816
124,"initKernel(HIP_vector_type<float, 4u>*, unsigned long) ",2,0,206,3453189,3453189,13312,256,0,0,8,0,16,64,0x0,0x7fd5b6248f00,3580961099124506,3580961099158128,3580961099201488,3580961099203825
125,"void sumKernel<24, 1024>(HIP_vector_type<float, 4u>*, HIP_vector_type<float, 4u> const*, int) ",2,0,208,3453189,3453189,102400000,1024,0,0,60,4,16,64,0x0,0x7fd5b6248f40,3580961099214865,3580961099222060,3580961127819509,3580961127877449
126,"initKernel(HIP_vector_type<float, 4u>*, unsigned long) ",2,0,210,3453189,3453189,13312,256,0,0,8,0,16,64,0x0,0x7fd5b6248f00,3580961127902889,3580961127915189,3580961127961109,3580961127963738
127,"initKernel(HIP_vector_type<float, 4u>*, unsigned long) ",2,0,211,3453189,3453189,13312,256,0,0,8,0,16,64,0x0,0x7fd5b6248f00,3580961127926238,3580961127961109,3580961128008149,3580961128010447
128,"void sumKernel<24, 1024>(HIP_vector_type<float, 4u>*, HIP_vector_type<float, 4u> const*, int) ",2,0,213,3453189,3453189,102400000,1024,0,0,60,4,16,64,0x0,0x7fd5b6248f40,3580961128020837,3580961128028469,3580961155521118,3580961155562683
129,"initKernel(HIP_vector_type<float, 4u>*, unsigned long) ",2,0,215,3453189,3453189,13312,256,0,0,8,0,16,64,0x0,0x7fd5b6248f00,3580961155624362,3580961155637278,3580961155687838,3580961155690302
130,"initKernel(HIP_vector_type<float, 4u>*, unsigned long) ",2,0,216,3453189,3453189,13312,256,0,0,8,0,16,64,0x0,0x7fd5b6248f00,3580961155646792,3580961155687838,3580961155740478,3580961155742681
131,"void sumKernel<24, 1024>(HIP_vector_type<float, 4u>*, HIP_vector_type<float, 4u> const*, int) ",2,0,218,3453189,3453189,102400000,1024,0,0,60,4,16,64,0x0,0x7fd5b6248f40,3580961155753181,3580961155759358,3580961185546728,3580961185600992
132,"initKernel(HIP_vector_type<float, 4u>*, unsigned long) ",2,0,220,3453189,3453189,13312,256,0,0,8,0,16,64,0x0,0x7fd5b6248f00,3580961185623352,3580961185635528,3580961185689608,3580961185692261
133,"initKernel(HIP_vector_type<float, 4u>*, unsigned long) ",2,0,221,3453189,3453189,13312,256,0,0,8,0,16,64,0x0,0x7fd5b6248f00,3580961185645482,3580961185689608,3580961185746728,3580961185749060
134,"void sumKernel<24, 1024>(HIP_vector_type<float, 4u>*, HIP_vector_type<float, 4u> const*, int) ",2,0,223,3453189,3453189,102400000,1024,0,0,60,4,16,64,0x0,0x7fd5b6248f40,3580961185760040,3580961185766756,3580961223556546,3580961223616056
135,"initKernel(HIP_vector_type<float, 4u>*, unsigned long) ",2,0,225,3453189,3453189,13312,256,0,0,8,0,16,64,0x0,0x7fd5b6248f00,3580961223643546,3580961223657506,3580961223717346,3580961223719395
136,"initKernel(HIP_vector_type<float, 4u>*, unsigned long) ",2,0,226,3453189,3453189,13312,256,0,0,8,0,16,64,0x0,0x7fd5b6248f00,3580961223667986,3580961223717346,3580961223779106,3580961223780864
137,"void sumKernel<24, 1024>(HIP_vector_type<float, 4u>*, HIP_vector_type<float, 4u> const*, int) ",2,0,228,3453189,3453189,102400000,1024,0,0,60,4,16,64,0x0,0x7fd5b6248f40,3580961223791794,3580961223799906,3580961253788090,3580961253843063
138,"initKernel(HIP_vector_type<float, 4u>*, unsigned long) ",2,0,230,3453189,3453189,13312,256,0,0,8,0,16,64,0x0,0x7fd5b6248f00,3580961253869473,3580961253882170,3580961253948090,3580961253950212
139,"initKernel(HIP_vector_type<float, 4u>*, unsigned long) ",2,0,231,3453189,3453189,13312,256,0,0,8,0,16,64,0x0,0x7fd5b6248f00,3580961253893073,3580961253948090,3580961254016250,3580961254018101
140,"void sumKernel<24, 1024>(HIP_vector_type<float, 4u>*, HIP_vector_type<float, 4u> const*, int) ",2,0,233,3453189,3453189,102400000,1024,0,0,60,4,16,64,0x0,0x7fd5b6248f40,3580961254028841,3580961254036982,3580961293824355,3580961293897615
141,"initKernel(HIP_vector_type<float, 4u>*, unsigned long) ",2,0,235,3453189,3453189,13312,256,0,0,8,0,16,64,0x0,0x7fd5b6248f00,3580961293969864,3580961293986275,3580961294063395,3580961294065803
142,"initKernel(HIP_vector_type<float, 4u>*, unsigned long) ",2,0,236,3453189,3453189,13312,256,0,0,8,0,16,64,0x0,0x7fd5b6248f00,3580961294005144,3580961294063395,3580961294139075,3580961294141203
143,"void sumKernel<24, 1024>(HIP_vector_type<float, 4u>*, HIP_vector_type<float, 4u> const*, int) ",2,0,238,3453189,3453189,102400000,1024,0,0,60,4,16,64,0x0,0x7fd5b6248f40,3580961294152383,3580961294158915,3580961324459245,3580961324511428
144,"initKernel(HIP_vector_type<float, 4u>*, unsigned long) ",2,0,240,3453189,3453189,13312,256,0,0,8,0,16,64,0x0,0x7fd5b6248f00,3580961324546038,3580961324558285,3580961324640045,3580961324642427
145,"initKernel(HIP_vector_type<float, 4u>*, unsigned long) ",2,0,241,3453189,3453189,13312,256,0,0,8,0,16,64,0x0,0x7fd5b6248f00,3580961324568778,3580961324640045,3580961324723245,3580961324725366
146,"void sumKernel<24, 1024>(HIP_vector_type<float, 4u>*, HIP_vector_type<float, 4u> const*, int) ",2,0,243,3453189,3453189,102400000,1024,0,0,60,4,16,64,0x0,0x7fd5b6248f40,3580961324736346,3580961324742769,3580961360692061,3580961360752751
147,"initKernel(HIP_vector_type<float, 4u>*, unsigned long) ",2,0,245,3453189,3453189,13312,256,0,0,8,0,16,64,0x0,0x7fd5b6248f00,3580961360797351,3580961360810621,3580961360899901,3580961360902229
148,"initKernel(HIP_vector_type<float, 4u>*, unsigned long) ",2,0,246,3453189,3453189,13312,256,0,0,8,0,16,64,0x0,0x7fd5b6248f00,3580961360824580,3580961360899901,3580961360992061,3580961360994179
149,"void sumKernel<24, 1024>(HIP_vector_type<float, 4u>*, HIP_vector_type<float, 4u> const*, int) ",2,0,248,3453189,3453189,102400000,1024,0,0,60,4,16,64,0x0,0x7fd5b6248f40,3580961361009558,3580961361021341,3580961398308713,3580961398366269
150,"initKernel(HIP_vector_type<float, 4u>*, unsigned long) ",2,0,250,3453189,3453189,13312,256,0,0,8,0,16,64,0x0,0x7fd5b6248f00,3580961398402719,3580961398415753,3580961398514473,3580961398517158
151,"initKernel(HIP_vector_type<float, 4u>*, unsigned long) ",2,0,251,3453189,3453189,13312,256,0,0,8,0,16,64,0x0,0x7fd5b6248f00,3580961398426519,3580961398514473,3580961398619433,3580961398621626
152,"void sumKernel<24, 1024>(HIP_vector_type<float, 4u>*, HIP_vector_type<float, 4u> const*, int) ",2,0,253,3453189,3453189,102400000,1024,0,0,60,4,16,64,0x0,0x7fd5b6248f40,3580961398632876,3580961398641463,3580961428868853,3580961428930013
153,"initKernel(HIP_vector_type<float, 4u>*, unsigned long) ",2,0,255,3453189,3453189,13312,256,0,0,8,0,16,64,0x0,0x7fd5b6248f00,3580961428957653,3580961428971093,3580961429078293,3580961429079951
154,"initKernel(HIP_vector_type<float, 4u>*, unsigned long) ",2,0,256,3453189,3453189,13312,256,0,0,8,0,16,64,0x0,0x7fd5b6248f00,3580961428981672,3580961429078293,3580961429191093,3580961429192410
155,"void sumKernel<24, 1024>(HIP_vector_type<float, 4u>*, HIP_vector_type<float, 4u> const*, int) ",2,0,258,3453189,3453189,102400000,1024,0,0,60,4,16,64,0x0,0x7fd5b6248f40,3580961429203160,3580961429211573,3580961459649364,3580961459704404
156,"initKernel(HIP_vector_type<float, 4u>*, unsigned long) ",2,0,260,3453189,3453189,13312,256,0,0,8,0,16,64,0x0,0x7fd5b6248f00,3580961459737214,3580961459750484,3580961459873364,3580961459874842
157,"initKernel(HIP_vector_type<float, 4u>*, unsigned long) ",2,0,261,3453189,3453189,13312,256,0,0,8,0,16,64,0x0,0x7fd5b6248f00,3580961459761993,3580961459873364,3580961459996404,3580961459997661
158,"void sumKernel<24, 1024>(HIP_vector_type<float, 4u>*, HIP_vector_type<float, 4u> const*, int) ",2,0,263,3453189,3453189,102400000,1024,0,0,60,4,16,64,0x0,0x7fd5b6248f40,3580961460009071,3580961460016940,3580961493908328,3580961493968508
159,"initKernel(HIP_vector_type<float, 4u>*, unsigned long) ",2,0,265,3453189,3453189,13312,256,0,0,8,0,16,64,0x0,0x7fd5b6248f00,3580961494009908,3580961494023048,3580961494153448,3580961494155376
160,"initKernel(HIP_vector_type<float, 4u>*, unsigned long) ",2,0,266,3453189,3453189,13312,256,0,0,8,0,16,64,0x0,0x7fd5b6248f00,3580961494046287,3580961494153448,3580961494288808,3580961494290375
161,"void sumKernel<24, 1024>(HIP_vector_type<float, 4u>*, HIP_vector_type<float, 4u> const*, int) ",2,0,268,3453189,3453189,102400000,1024,0,0,60,4,16,64,0x0,0x7fd5b6248f40,3580961494301644,3580961494308808,3580961525206273,3580961525260734
162,"initKernel(HIP_vector_type<float, 4u>*, unsigned long) ",2,0,270,3453189,3453189,13312,256,0,0,8,0,16,64,0x0,0x7fd5b6248f00,3580961525298893,3580961525312674,3580961525461794,3580961525463531
163,"initKernel(HIP_vector_type<float, 4u>*, unsigned long) ",2,0,271,3453189,3453189,13312,256,0,0,8,0,16,64,0x0,0x7fd5b6248f00,3580961525324103,3580961525461794,3580961525611554,3580961525613120
164,"void sumKernel<24, 1024>(HIP_vector_type<float, 4u>*, HIP_vector_type<float, 4u> const*, int) ",2,0,273,3453189,3453189,102400000,1024,0,0,60,4,16,64,0x0,0x7fd5b6248f40,3580961525623880,3580961525630566,3580961559957942,3580961560018573
165,"initKernel(HIP_vector_type<float, 4u>*, unsigned long) ",2,0,275,3453189,3453189,13312,256,0,0,8,0,16,64,0x0,0x7fd5b6248f00,3580961560052192,3580961560064982,3580961560226102,3580961560228440
166,"initKernel(HIP_vector_type<float, 4u>*, unsigned long) ",2,0,276,3453189,3453189,13312,256,0,0,8,0,16,64,0x0,0x7fd5b6248f00,3580961560080082,3580961560226102,3580961560397462,3580961560399478
167,"void sumKernel<24, 1024>(HIP_vector_type<float, 4u>*, HIP_vector_type<float, 4u> const*, int) ",2,0,278,3453189,3453189,102400000,1024,0,0,60,4,16,64,0x0,0x7fd5b6248f40,3580961560410818,3580961560418422,3580961598250600,3580961598306303
168,"initKernel(HIP_vector_type<float, 4u>*, unsigned long) ",2,0,280,3453189,3453189,13312,256,0,0,8,0,16,64,0x0,0x7fd5b6248f00,3580961598341733,3580961598354760,3580961598532040,3580961598534301
169,"initKernel(HIP_vector_type<float, 4u>*, unsigned long) ",2,0,281,3453189,3453189,13312,256,0,0,8,0,16,64,0x0,0x7fd5b6248f00,3580961598366683,3580961598532040,3580961598711880,3580961598714009
170,"void sumKernel<24, 1024>(HIP_vector_type<float, 4u>*, HIP_vector_type<float, 4u> const*, int) ",2,0,283,3453189,3453189,102400000,1024,0,0,60,4,16,64,0x0,0x7fd5b6248f40,3580961598724869,3580961598732534,3580961629560869,3580961629603779
171,"initKernel(HIP_vector_type<float, 4u>*, unsigned long) ",2,0,285,3453189,3453189,13312,256,0,0,8,0,16,64,0x0,0x7fd5b6248f00,3580961629659558,3580961629673509,3580961629867269,3580961629869456
172,"initKernel(HIP_vector_type<float, 4u>*, unsigned long) ",2,0,286,3453189,3453189,13312,256,0,0,8,0,16,64,0x0,0x7fd5b6248f00,3580961629688628,3580961629867269,3580961630067269,3580961630069384
173,"void sumKernel<24, 1024>(HIP_vector_type<float, 4u>*, HIP_vector_type<float, 4u> const*, int) ",2,0,288,3453189,3453189,102400000,1024,0,0,60,4,16,64,0x0,0x7fd5b6248f40,3580961630080534,3580961630092549,3580961661299764,3580961661338290
174,"initKernel(HIP_vector_type<float, 4u>*, unsigned long) ",2,0,290,3453189,3453189,13312,256,0,0,8,0,16,64,0x0,0x7fd5b6248f00,3580961661397899,3580961661411444,3580961661629204,3580961661631567
175,"initKernel(HIP_vector_type<float, 4u>*, unsigned long) ",2,0,291,3453189,3453189,13312,256,0,0,8,0,16,64,0x0,0x7fd5b6248f00,3580961661422749,3580961661629204,3580961661848884,3580961661868305
176,"void sumKernel<24, 1024>(HIP_vector_type<float, 4u>*, HIP_vector_type<float, 4u> const*, int) ",2,0,293,3453189,3453189,102400000,1024,0,0,60,4,16,64,0x0,0x7fd5b6248f40,3580961661861245,3580961661867908,3580961693846483,3580961693886892
177,"initKernel(HIP_vector_type<float, 4u>*, unsigned long) ",2,0,295,3453189,3453189,13312,256,0,0,8,0,16,64,0x0,0x7fd5b6248f00,3580961693944572,3580961693958803,3580961694196403,3580961694213989
178,"initKernel(HIP_vector_type<float, 4u>*, unsigned long) ",2,0,296,3453189,3453189,13312,256,0,0,8,0,16,64,0x0,0x7fd5b6248f00,3580961693974551,3580961694196403,3580961694441683,3580961694456026
179,"void sumKernel<24, 1024>(HIP_vector_type<float, 4u>*, HIP_vector_type<float, 4u> const*, int) ",2,0,298,3453189,3453189,102400000,1024,0,0,60,4,16,64,0x0,0x7fd5b6248f40,3580961694454856,3580961694461363,3580961730848740,3580961730888487
180,"initKernel(HIP_vector_type<float, 4u>*, unsigned long) ",2,0,300,3453189,3453189,13312,256,0,0,8,0,16,64,0x0,0x7fd5b6248f00,3580961730947936,3580961730961540,3580961731219140,3580961731235913
181,"initKernel(HIP_vector_type<float, 4u>*, unsigned long) ",2,0,301,3453189,3453189,13312,256,0,0,8,0,16,64,0x0,0x7fd5b6248f00,3580961730972946,3580961731219140,3580961731491460,3580961731511001
182,"void sumKernel<24, 1024>(HIP_vector_type<float, 4u>*, HIP_vector_type<float, 4u> const*, int) ",2,0,303,3453189,3453189,102400000,1024,0,0,60,4,16,64,0x0,0x7fd5b6248f40,3580961731504690,3580961731511544,3580961769893160,3580961769936360
183,"initKernel(HIP_vector_type<float, 4u>*, unsigned long) ",2,0,305,3453189,3453189,13312,256,0,0,8,0,16,64,0x0,0x7fd5b6248f00,3580961769991619,3580961770005160,3580961770296200,3580961770311186
184,"initKernel(HIP_vector_type<float, 4u>*, unsigned long) ",2,0,306,3453189,3453189,13312,256,0,0,8,0,16,64,0x0,0x7fd5b6248f00,3580961770025099,3580961770296200,3580961770594920,3580961770606823
185,"void sumKernel<24, 1024>(HIP_vector_type<float, 4u>*, HIP_vector_type<float, 4u> const*, int) ",2,0,308,3453189,3453189,102400000,1024,0,0,60,4,16,64,0x0,0x7fd5b6248f40,3580961770607453,3580961770629640,3580961810286137,3580961810308769
186,"initKernel(HIP_vector_type<float, 4u>*, unsigned long) ",2,0,310,3453189,3453189,13312,256,0,0,8,0,16,64,0x0,0x7fd5b6248f00,3580961810388008,3580961810400697,3580961810717017,3580961810732274
187,"initKernel(HIP_vector_type<float, 4u>*, unsigned long) ",2,0,311,3453189,3453189,13312,256,0,0,8,0,16,64,0x0,0x7fd5b6248f00,3580961810413547,3580961810717017,3580961811047257,3580961811059481
188,"void sumKernel<24, 1024>(HIP_vector_type<float, 4u>*, HIP_vector_type<float, 4u> const*, int) ",2,0,313,3453189,3453189,102400000,1024,0,0,60,4,16,64,0x0,0x7fd5b6248f40,3580961811060411,3580961811080977,3580961843559713,3580961843586333
189,"initKernel(HIP_vector_type<float, 4u>*, unsigned long) ",2,0,315,3453189,3453189,13312,256,0,0,8,0,16,64,0x0,0x7fd5b6248f00,3580961843658312,3580961843672673,3580961844025473,3580961844041418
190,"initKernel(HIP_vector_type<float, 4u>*, unsigned long) ",2,0,316,3453189,3453189,13312,256,0,0,8,0,16,64,0x0,0x7fd5b6248f00,3580961843687972,3580961844025473,3580961844388193,3580961844407004
191,"void sumKernel<24, 1024>(HIP_vector_type<float, 4u>*, HIP_vector_type<float, 4u> const*, int) ",2,0,318,3453189,3453189,102400000,1024,0,0,60,4,16,64,0x0,0x7fd5b6248f40,3580961844401035,3580961844407553,3580961876942769,3580961876960617
192,"initKernel(HIP_vector_type<float, 4u>*, unsigned long) ",2,0,320,3453189,3453189,13312,256,0,0,8,0,16,64,0x0,0x7fd5b6248f00,3580961877050116,3580961877064049,3580961877457329,3580961877474541
193,"initKernel(HIP_vector_type<float, 4u>*, unsigned long) ",2,0,321,3453189,3453189,13312,256,0,0,8,0,16,64,0x0,0x7fd5b6248f00,3580961877079726,3580961877457329,3580961877849970,3580961877863387
194,"void sumKernel<24, 1024>(HIP_vector_type<float, 4u>*, HIP_vector_type<float, 4u> const*, int) ",2,0,323,3453189,3453189,102400000,1024,0,0,60,4,16,64,0x0,0x7fd5b6248f40,3580961877863297,3580961877885221,3580961918894678,3580961918923968
195,"initKernel(HIP_vector_type<float, 4u>*, unsigned long) ",2,0,325,3453189,3453189,13312,256,0,0,8,0,16,64,0x0,0x7fd5b6248f00,3580961919018157,3580961919046038,3580961919472278,3580961919488562
196,"initKernel(HIP_vector_type<float, 4u>*, unsigned long) ",2,0,326,3453189,3453189,13312,256,0,0,8,0,16,64,0x0,0x7fd5b6248f00,3580961919061277,3580961919472278,3580961919905558,3580961919917288
197,"void sumKernel<24, 1024>(HIP_vector_type<float, 4u>*, HIP_vector_type<float, 4u> const*, int) ",2,0,328,3453189,3453189,102400000,1024,0,0,60,4,16,64,0x0,0x7fd5b6248f40,3580961919918658,3580961919937558,3580961953035172,3580961953054954
198,"initKernel(HIP_vector_type<float, 4u>*, unsigned long) ",2,0,330,3453189,3453189,13312,256,0,0,8,0,16,64,0x0,0x7fd5b6248f00,3580961953146273,3580961953160453,3580961953625413,3580961953641988
199,"initKernel(HIP_vector_type<float, 4u>*, unsigned long) ",2,0,331,3453189,3453189,13312,256,0,0,8,0,16,64,0x0,0x7fd5b6248f00,3580961953174333,3580961953625413,3580961954087653,3580961954106543
200,"void sumKernel<24, 1024>(HIP_vector_type<float, 4u>*, HIP_vector_type<float, 4u> const*, int) ",2,0,333,3453189,3453189,102400000,1024,0,0,60,4,16,64,0x0,0x7fd5b6248f40,3580961954101703,3580961954108859,3580961986921352,3580961986965212
201,"initKernel(HIP_vector_type<float, 4u>*, unsigned long) ",2,0,335,3453189,3453189,13312,256,0,0,8,0,16,64,0x0,0x7fd5b6248f00,3580961987031411,3580961987045032,3580961987572712,3580961987611155
202,"initKernel(HIP_vector_type<float, 4u>*, unsigned long) ",2,0,336,3453189,3453189,13312,256,0,0,8,0,16,64,0x0,0x7fd5b6248f00,3580961987060500,3580961987572712,3580961988075432,3580961988103749
203,"void sumKernel<24, 1024>(HIP_vector_type<float, 4u>*, HIP_vector_type<float, 4u> const*, int) ",2,0,338,3453189,3453189,102400000,1024,0,0,60,4,16,64,0x0,0x7fd5b6248f40,3580961988088249,3580961988095592,3580962020694485,3580962020734591
204,"initKernel(HIP_vector_type<float, 4u>*, unsigned long) ",2,0,340,3453189,3453189,13312,256,0,0,8,0,16,64,0x0,0x7fd5b6248f00,3580962020808110,3580962020821365,3580962021400725,3580962021439503
205,"initKernel(HIP_vector_type<float, 4u>*, unsigned long) ",2,0,341,3453189,3453189,13312,256,0,0,8,0,16,64,0x0,0x7fd5b6248f00,3580962020848870,3580962021400725,3580962021979285,3580962022016747
206,"void sumKernel<24, 1024>(HIP_vector_type<float, 4u>*, HIP_vector_type<float, 4u> const*, int) ",2,0,343,3453189,3453189,102400000,1024,0,0,60,4,16,64,0x0,0x7fd5b6248f40,3580962021993138,3580962022001390,3580962058734045,3580962058776145
207,"initKernel(HIP_vector_type<float, 4u>*, unsigned long) ",2,0,345,3453189,3453189,13312,256,0,0,8,0,16,64,0x0,0x7fd5b6248f00,3580962058847174,3580962058860925,3580962059484925,3580962059523466
208,"initKernel(HIP_vector_type<float, 4u>*, unsigned long) ",2,0,346,3453189,3453189,13312,256,0,0,8,0,16,64,0x0,0x7fd5b6248f00,3580962058876233,3580962059484925,3580962060111005,3580962060140430
209,"void sumKernel<24, 1024>(HIP_vector_type<float, 4u>*, HIP_vector_type<float, 4u> const*, int) ",2,0,348,3453189,3453189,102400000,1024,0,0,60,4,16,64,0x0,0x7fd5b6248f40,3580962060124480,3580962060131645,3580962092278218,3580962092316006
210,"initKernel(HIP_vector_type<float, 4u>*, unsigned long) ",2,0,350,3453189,3453189,13312,256,0,0,8,0,16,64,0x0,0x7fd5b6248f00,3580962092388555,3580962092401418,3580962093094219,3580962093129798
211,"initKernel(HIP_vector_type<float, 4u>*, unsigned long) ",2,0,351,3453189,3453189,13312,256,0,0,8,0,16,64,0x0,0x7fd5b6248f00,3580962092419365,3580962093094219,3580962093776619,3580962093808360
212,"void sumKernel<24, 1024>(HIP_vector_type<float, 4u>*, HIP_vector_type<float, 4u> const*, int) ",2,0,353,3453189,3453189,102400000,1024,0,0,60,4,16,64,0x0,0x7fd5b6248f40,3580962093790290,3580962093799033,3580962128254412,3580962128296782
213,"initKernel(HIP_vector_type<float, 4u>*, unsigned long) ",2,0,355,3453189,3453189,13312,256,0,0,8,0,16,64,0x0,0x7fd5b6248f00,3580962128369091,3580962128383212,3580962129148492,3580962129180402
214,"initKernel(HIP_vector_type<float, 4u>*, unsigned long) ",2,0,356,3453189,3453189,13312,256,0,0,8,0,16,64,0x0,0x7fd5b6248f00,3580962128397591,3580962129148492,3580962129912652,3580962129942734
215,"void sumKernel<24, 1024>(HIP_vector_type<float, 4u>*, HIP_vector_type<float, 4u> const*, int) ",2,0,358,3453189,3453189,102400000,1024,0,0,60,4,16,64,0x0,0x7fd5b6248f40,3580962129925894,3580962129933452,3580962165338753,3580962165377256
216,"initKernel(HIP_vector_type<float, 4u>*, unsigned long) ",2,0,360,3453189,3453189,13312,256,0,0,8,0,16,64,0x0,0x7fd5b6248f00,3580962165456485,3580962165470753,3580962166305313,3580962166339345
217,"initKernel(HIP_vector_type<float, 4u>*, unsigned long) ",2,0,361,3453189,3453189,13312,256,0,0,8,0,16,64,0x0,0x7fd5b6248f00,3580962165487545,3580962166305313,3580962167143394,3580962167172887
218,"void sumKernel<24, 1024>(HIP_vector_type<float, 4u>*, HIP_vector_type<float, 4u> const*, int) ",2,0,363,3453189,3453189,102400000,1024,0,0,60,4,16,64,0x0,0x7fd5b6248f40,3580962167156387,3580962167164007,3580962200456820,3580962200497311
219,"initKernel(HIP_vector_type<float, 4u>*, unsigned long) ",2,0,365,3453189,3453189,13312,256,0,0,8,0,16,64,0x0,0x7fd5b6248f00,3580962200576080,3580962200588980,3580962201522900,3580962201558969
220,"initKernel(HIP_vector_type<float, 4u>*, unsigned long) ",2,0,366,3453189,3453189,13312,256,0,0,8,0,16,64,0x0,0x7fd5b6248f00,3580962200609179,3580962201522900,3580962202418580,3580962202450659
221,"void sumKernel<24, 1024>(HIP_vector_type<float, 4u>*, HIP_vector_type<float, 4u> const*, int) ",2,0,368,3453189,3453189,102400000,1024,0,0,60,4,16,64,0x0,0x7fd5b6248f40,3580962202432590,3580962202440660,3580962236788994,3580962236827172
222,"initKernel(HIP_vector_type<float, 4u>*, unsigned long) ",2,0,370,3453189,3453189,13312,256,0,0,8,0,16,64,0x0,0x7fd5b6248f00,3580962236917811,3580962236931074,3580962237925635,3580962237960070
223,"initKernel(HIP_vector_type<float, 4u>*, unsigned long) ",2,0,371,3453189,3453189,13312,256,0,0,8,0,16,64,0x0,0x7fd5b6248f00,3580962236982451,3580962237925635,3580962238932515,3580962238962300
224,"void sumKernel<24, 1024>(HIP_vector_type<float, 4u>*, HIP_vector_type<float, 4u> const*, int) ",2,0,373,3453189,3453189,102400000,1024,0,0,60,4,16,64,0x0,0x7fd5b6248f40,3580962238946150,3580962238953375,3580962271767629,3580962271813219
225,"initKernel(HIP_vector_type<float, 4u>*, unsigned long) ",2,0,375,3453189,3453189,13312,256,0,0,8,0,16,64,0x0,0x7fd5b6248f00,3580962271917017,3580962271932749,3580962273038989,3580962273071575
226,"initKernel(HIP_vector_type<float, 4u>*, unsigned long) ",2,0,376,3453189,3453189,13312,256,0,0,8,0,16,64,0x0,0x7fd5b6248f00,3580962271958737,3580962273038989,3580962274155790,3580962274185003
227,"void sumKernel<24, 1024>(HIP_vector_type<float, 4u>*, HIP_vector_type<float, 4u> const*, int) ",2,0,378,3453189,3453189,102400000,1024,0,0,60,4,16,64,0x0,0x7fd5b6248f40,3580962274169064,3580962274176270,3580962306692604,3580962306728936
228,"initKernel(HIP_vector_type<float, 4u>*, unsigned long) ",2,0,380,3453189,3453189,13312,256,0,0,8,0,16,64,0x0,0x7fd5b6248f00,3580962306834664,3580962306848284,3580962308081084,3580962308115851
229,"initKernel(HIP_vector_type<float, 4u>*, unsigned long) ",2,0,381,3453189,3453189,13312,256,0,0,8,0,16,64,0x0,0x7fd5b6248f00,3580962306899964,3580962308081084,3580962309300285,3580962309329538
230,"void sumKernel<24, 1024>(HIP_vector_type<float, 4u>*, HIP_vector_type<float, 4u> const*, int) ",2,0,383,3453189,3453189,102400000,1024,0,0,60,4,16,64,0x0,0x7fd5b6248f40,3580962309313448,3580962309320614,3580962346570390,3580962346613100
231,"initKernel(HIP_vector_type<float, 4u>*, unsigned long) ",2,0,385,3453189,3453189,13312,256,0,0,8,0,16,64,0x0,0x7fd5b6248f00,3580962346735458,3580962346749270,3580962348145110,3580962348180793
232,"initKernel(HIP_vector_type<float, 4u>*, unsigned long) ",2,0,386,3453189,3453189,13312,256,0,0,8,0,16,64,0x0,0x7fd5b6248f00,3580962346800038,3580962348145110,3580962349492791,3580962349525308
233,"void sumKernel<24, 1024>(HIP_vector_type<float, 4u>*, HIP_vector_type<float, 4u> const*, int) ",2,0,388,3453189,3453189,102400000,1024,0,0,60,4,16,64,0x0,0x7fd5b6248f40,3580962349506639,3580962349514391,3580962388885288,3580962388922838
234,"initKernel(HIP_vector_type<float, 4u>*, unsigned long) ",2,0,390,3453189,3453189,13312,256,0,0,8,0,16,64,0x0,0x7fd5b6248f00,3580962389049676,3580962389064328,3580962390535049,3580962390570820
235,"initKernel(HIP_vector_type<float, 4u>*, unsigned long) ",2,0,391,3453189,3453189,13312,256,0,0,8,0,16,64,0x0,0x7fd5b6248f00,3580962481966884,3580962481986127,3580962483509487,3580962483533467
236,"void sumKernel<24, 1024>(HIP_vector_type<float, 4u>*, HIP_vector_type<float, 4u> const*, int) ",2,0,393,3453189,3453189,102400000,1024,0,0,60,4,16,64,0x0,0x7fd5b6248f40,3580962483524347,3580962483532367,3580962516796861,3580962516822051
237,"initKernel(HIP_vector_type<float, 4u>*, unsigned long) ",2,0,395,3453189,3453189,13312,256,0,0,8,0,16,64,0x0,0x7fd5b6248f00,3580962606191026,3580962606215139,3580962607869379,3580962659734265
238,"initKernel(HIP_vector_type<float, 4u>*, unsigned long) ",2,0,396,3453189,3453189,13312,256,0,0,8,0,16,64,0x0,0x7fd5b6248f00,3580962659777984,3580962659802835,3580962661518835,3580962661539555
239,"void sumKernel<24, 1024>(HIP_vector_type<float, 4u>*, HIP_vector_type<float, 4u> const*, int) ",2,0,398,3453189,3453189,102400000,1024,0,0,60,4,16,64,0x0,0x7fd5b6248f40,3580962661533585,3580962661541235,3580962701531008,3580962701569138
240,"initKernel(HIP_vector_type<float, 4u>*, unsigned long) ",2,0,400,3453189,3453189,13312,256,0,0,8,0,16,64,0x0,0x7fd5b6248f00,3580962757273303,3580962757292685,3580962759160525,3580962810685652
241,"initKernel(HIP_vector_type<float, 4u>*, unsigned long) ",2,0,401,3453189,3453189,13312,256,0,0,8,0,16,64,0x0,0x7fd5b6248f00,3580962810735272,3580962810747582,3580962812559742,3580962812579222
242,"void sumKernel<24, 1024>(HIP_vector_type<float, 4u>*, HIP_vector_type<float, 4u> const*, int) ",2,0,403,3453189,3453189,102400000,1024,0,0,60,4,16,64,0x0,0x7fd5b6248f40,3580962812573392,3580962812581022,3580962848568394,3580962848605417
243,"initKernel(HIP_vector_type<float, 4u>*, unsigned long) ",2,0,405,3453189,3453189,13312,256,0,0,8,0,16,64,0x0,0x7fd5b6248f00,3580962923346558,3580962923366152,3580962925331912,3580963046998208
244,"initKernel(HIP_vector_type<float, 4u>*, unsigned long) ",2,0,406,3453189,3453189,13312,256,0,0,8,0,16,64,0x0,0x7fd5b6248f00,3580963047063897,3580963047081718,3580963049047798,3580963049068766
245,"void sumKernel<24, 1024>(HIP_vector_type<float, 4u>*, HIP_vector_type<float, 4u> const*, int) ",2,0,408,3453189,3453189,102400000,1024,0,0,60,4,16,64,0x0,0x7fd5b6248f40,3580963049062786,3580963049069718,3580963088481733,3580963088500674
246,"initKernel(HIP_vector_type<float, 4u>*, unsigned long) ",2,0,410,3453189,3453189,13312,256,0,0,8,0,16,64,0x0,0x7fd5b6248f00,3580963112281860,3580963112301277,3580963114467039,3580963266708570
247,"initKernel(HIP_vector_type<float, 4u>*, unsigned long) ",2,0,411,3453189,3453189,13312,256,0,0,8,0,16,64,0x0,0x7fd5b6248f00,3580963350275578,3580963882360541,3580963884427101,3580963884464391
248,"void sumKernel<24, 1024>(HIP_vector_type<float, 4u>*, HIP_vector_type<float, 4u> const*, int) ",2,0,413,3453189,3453189,102400000,1024,0,0,60,4,16,64,0x0,0x7fd5b6248f40,3580963884448622,3580963884462621,3580963912627751,3580963912664270
249,"initKernel(HIP_vector_type<float, 4u>*, unsigned long) ",2,0,415,3453189,3453189,13312,256,0,0,8,0,16,64,0x0,0x7fd5b6248f00,3580963912960917,3580963912973831,3580963915468392,3580963915499920
250,"initKernel(HIP_vector_type<float, 4u>*, unsigned long) ",2,0,416,3453189,3453189,13312,256,0,0,8,0,16,64,0x0,0x7fd5b6248f00,3580963913023496,3580963915468392,3580963917828233,3580963917851075
251,"void sumKernel<24, 1024>(HIP_vector_type<float, 4u>*, HIP_vector_type<float, 4u> const*, int) ",2,0,418,3453189,3453189,102400000,1024,0,0,60,4,16,64,0x0,0x7fd5b6248f40,3580963917841795,3580963917848701,3580963950814472,3580963950867802
252,"initKernel(HIP_vector_type<float, 4u>*, unsigned long) ",2,0,420,3453189,3453189,13312,256,0,0,8,0,16,64,0x0,0x7fd5b6248f00,3580963951024460,3580963951036552,3580963953779113,3580963953813241
253,"initKernel(HIP_vector_type<float, 4u>*, unsigned long) ",2,0,421,3453189,3453189,13312,256,0,0,8,0,16,64,0x0,0x7fd5b6248f00,3580964036604306,3580964036625567,3580964039248928,3580964039272428
254,"void sumKernel<24, 1024>(HIP_vector_type<float, 4u>*, HIP_vector_type<float, 4u> const*, int) ",2,0,423,3453189,3453189,102400000,1024,0,0,60,4,16,64,0x0,0x7fd5b6248f40,3580964039264378,3580964039270960,3580964239394559,3580964239435809
255,"initKernel(HIP_vector_type<float, 4u>*, unsigned long) ",2,0,425,3453189,3453189,13312,256,0,0,8,0,16,64,0x0,0x7fd5b6248f00,3580964245884581,3580964245905281,3580964248739362,3580964248755090
256,"initKernel(HIP_vector_type<float, 4u>*, unsigned long) ",2,0,426,3453189,3453189,13312,256,0,0,8,0,16,64,0x0,0x7fd5b6248f00,3580964350035688,3580964350050835,3580964352968756,3580964353015386
257,"void sumKernel<24, 1024>(HIP_vector_type<float, 4u>*, HIP_vector_type<float, 4u> const*, int) ",2,0,428,3453189,3453189,102400000,1024,0,0,60,4,16,64,0x0,0x7fd5b6248f40,3580964352984626,3580964352992276,3580964385388929,3580964385428450
