Index,KernelName,gpu-id,queue-id,queue-index,pid,tid,grd,wgr,lds,scr,arch_vgpr,accum_vgpr,sgpr,wave_size,sig,obj,GRBM_COUNT,GRBM_GUI_ACTIVE,CPC_ME1_BUSY_FOR_PACKET_DECODE,SQ_CYCLES,SQ_WAVES,SQ_WAVE_CYCLES,SQ_BUSY_CYCLES,SQ_LEVEL_WAVES,SQ_ACCUM_PREV_HIRES,DispatchNs,BeginNs,EndNs,CompleteNs
0,"void init_kernel<double>(double*, double const*, double const*, double const*, unsigned long, bool) ",2,0,0,3834792,3834792,134218752,1024,32768,0,8,0,16,64,0x0,0x7f583b4aa940,1189867,1189867,10667,9518944,2097168,577707704,9414326,0,2370097316,4037003633471226,4037015960043786,4037015960774349,4037003652395252
1,"void init_kernel<double>(double*, double const*, double const*, double const*, unsigned long, bool) ",2,0,1,3834792,3834792,134218752,1024,32768,0,8,0,16,64,0x0,0x7f583b4aa940,1183639,1183639,9453,9469120,2097168,573167834,9368775,0,2352085072,4037003651585300,4037015960774349,4037015961500272,4037003653161295
2,"void init_kernel<double>(double*, double const*, double const*, double const*, unsigned long, bool) ",2,0,2,3834792,3834792,134218752,1024,32768,0,8,0,16,64,0x0,0x7f583b4aa940,1185320,1185320,9423,9482568,2097168,580325569,9388155,0,2380753012,4037003651665079,4037015961500272,4037015962226995,4037003653930548
3,"void init_kernel<double>(double*, double const*, double const*, double const*, unsigned long, bool) ",2,0,3,3834792,3834792,134218752,1024,32768,0,8,0,16,64,0x0,0x7f583b4aa940,1185802,1185802,9222,9486424,2097168,564195419,9391367,0,2315975516,4037003651735288,4037015962226995,4037015962954999,4037003654705401
4,"void init_kernel<double>(double*, double const*, double const*, double const*, unsigned long, bool) ",2,0,5,3834792,3834792,134218400,800,32768,0,8,0,16,64,0x0,0x7f583b4aa940,1198980,1198980,11443,9591848,2181049,482380974,9479337,0,1990980808,4037003654732911,4037015963005239,4037015963701242,4037003655656652
5,"void init_kernel<double>(double*, double const*, double const*, double const*, unsigned long, bool) ",2,0,7,3834792,3834792,134218400,800,32768,0,8,0,16,64,0x0,0x7f583b4aa940,1202760,1202760,11443,9622088,2181049,483915873,9509366,0,1997130312,4037003655690122,4037015963724602,4037015964420605,4037003656619233
6,"void init_kernel<double>(double*, double const*, double const*, double const*, unsigned long, bool) ",2,0,8,3834792,3834792,134218400,800,32768,0,8,0,16,64,0x0,0x7f583b4aa940,1132432,1132432,9462,9059464,2181049,437805136,8956792,0,1812044616,4037003655843620,4037015964420605,4037015965115649,4037003657358966
7,"void init_kernel<double>(double*, double const*, double const*, double const*, unsigned long, bool) ",2,0,10,3834792,3834792,134218400,800,32768,0,8,0,16,64,0x0,0x7f583b4aa940,1198189,1198189,11602,9585520,2181049,479511475,9470731,0,1979411184,4037003657387706,4037015965139489,4037015965832932,4037003658311468
8,"void init_kernel<double>(double*, double const*, double const*, double const*, unsigned long, bool) ",2,0,11,3834792,3834792,134218400,800,32768,0,8,0,16,64,0x0,0x7f583b4aa940,1135898,1135898,9749,9087192,2181049,454303916,8988438,0,1878296604,4037003657543405,4037015965832932,4037015966524295,4037003659041801
9,"void init_kernel<double>(double*, double const*, double const*, double const*, unsigned long, bool) ",2,0,13,3834792,3834792,134218400,800,32768,0,8,0,16,64,0x0,0x7f583b4aa940,1201920,1201920,11490,9615368,2181049,483596582,9502080,0,1995751804,4037003659083321,4037015966559656,4037015967257899,4037003659973892
10,"void init_kernel<double>(double*, double const*, double const*, double const*, unsigned long, bool) ",2,0,14,3834792,3834792,134218400,800,32768,0,8,0,16,64,0x0,0x7f583b4aa940,1130489,1130489,9208,9043920,2181049,437315597,8947494,0,1810096016,4037003659217659,4037015967257899,4037015967955182,4037003660715556
11,"void init_kernel<double>(double*, double const*, double const*, double const*, unsigned long, bool) ",2,0,16,3834792,3834792,134218400,800,32768,0,8,0,16,64,0x0,0x7f583b4aa940,1201992,1201992,12337,9615944,2181049,482064119,9494544,0,1989622776,4037003660759605,4037015967977422,4037015968674706,4037003661639667
12,"void init_kernel<double>(double*, double const*, double const*, double const*, unsigned long, bool) ",2,0,17,3834792,3834792,134218400,800,32768,0,8,0,16,64,0x0,0x7f583b4aa940,1130887,1130887,9161,9047104,2181049,437218474,8953747,0,1809705832,4037003660883764,4037015968674706,4037015969379829,4037003662385240
13,"void init_kernel<double>(double*, double const*, double const*, double const*, unsigned long, bool) ",2,0,19,3834792,3834792,134218400,800,32768,0,8,0,16,64,0x0,0x7f583b4aa940,1212825,1212825,12396,9702608,2181049,497861995,9584851,0,2052940880,4037003662428530,4037015969413429,4037015970116472,4037003663325972
14,"void init_kernel<double>(double*, double const*, double const*, double const*, unsigned long, bool) ",2,0,20,3834792,3834792,134218400,800,32768,0,8,0,16,64,0x0,0x7f583b4aa940,1143854,1143854,9250,9150840,2181049,461736648,9057060,0,1908110148,4037003662559829,4037015970116472,4037015970817276,4037003664082545
15,"void init_kernel<double>(double*, double const*, double const*, double const*, unsigned long, bool) ",2,0,22,3834792,3834792,134218400,800,32768,0,8,0,16,64,0x0,0x7f583b4aa940,1200431,1200431,11609,9603456,2181049,482788186,9488901,0,1992549552,4037003664123484,4037015970848636,4037015971552159,4037003665006516
16,"void init_kernel<double>(double*, double const*, double const*, double const*, unsigned long, bool) ",2,0,23,3834792,3834792,134218400,800,32768,0,8,0,16,64,0x0,0x7f583b4aa940,1134135,1134135,9409,9073088,2181049,447540950,8979582,0,1851225840,4037003664248723,4037015971552159,4037015972254403,4037003665745459
17,"void init_kernel<double>(double*, double const*, double const*, double const*, unsigned long, bool) ",2,0,25,3834792,3834792,134218400,800,32768,0,8,0,16,64,0x0,0x7f583b4aa940,1198254,1198254,12792,9586040,2181049,476863853,9462540,0,1968808412,4037003665785199,4037015972288803,4037015972993446,4037003666657641
18,"void init_kernel<double>(double*, double const*, double const*, double const*, unsigned long, bool) ",2,0,26,3834792,3834792,134218400,800,32768,0,8,0,16,64,0x0,0x7f583b4aa940,1132279,1132279,9560,9058240,2181049,436041559,8960113,0,1804977396,4037003665903488,4037015972993446,4037015973692809,4037003667400364
19,"void init_kernel<double>(double*, double const*, double const*, double const*, unsigned long, bool) ",2,0,28,3834792,3834792,134218400,800,32768,0,8,0,16,64,0x0,0x7f583b4aa940,1202137,1202137,11791,9617104,2181049,481333809,9498678,0,1986725904,4037003667442714,4037015973724810,4037015974422733,4037003668320756
20,"void init_kernel<double>(double*, double const*, double const*, double const*, unsigned long, bool) ",2,0,29,3834792,3834792,134218400,800,32768,0,8,0,16,64,0x0,0x7f583b4aa940,1135843,1135843,9070,9086752,2181049,443401898,8994501,0,1834513520,4037003667564823,4037015974422733,4037015975128016,4037003669063829
21,"void init_kernel<double>(double*, double const*, double const*, double const*, unsigned long, bool) ",2,0,31,3834792,3834792,134218400,800,32768,0,8,0,16,64,0x0,0x7f583b4aa940,1197496,1197496,11497,9579976,2181049,475075300,9467435,0,1961627436,4037003669105639,4037015975152016,4037015975858100,4037003669980800
22,"void init_kernel<double>(double*, double const*, double const*, double const*, unsigned long, bool) ",2,0,32,3834792,3834792,134218400,800,32768,0,8,0,16,64,0x0,0x7f583b4aa940,1132502,1132502,9383,9060024,2181049,441692981,8964407,0,1827677428,4037003669227327,4037015975858100,4037015976567863,4037003670719364
23,"void read_kernel<double>(double*, double const*, double const*, double const*, unsigned long, bool) ",2,0,34,3834792,3834792,134218400,800,32768,0,8,0,16,64,0x0,0x7f583b4aa980,1347246,1347246,12443,10777976,2181049,703322598,10659968,0,2872383256,4037003670765363,4037015976600983,4037015977404027,4037003671725135
24,"void read_kernel<double>(double*, double const*, double const*, double const*, unsigned long, bool) ",2,0,36,3834792,3834792,134218400,800,32768,0,8,0,16,64,0x0,0x7f583b4aa980,1337710,1337710,12182,10701688,2181049,698068959,10584932,0,2851380232,4037003671765964,4037015977423707,4037015978225311,4037003672727745
25,"void read_kernel<double>(double*, double const*, double const*, double const*, unsigned long, bool) ",2,0,37,3834792,3834792,134218400,800,32768,0,8,0,16,64,0x0,0x7f583b4aa980,1309864,1309864,9844,10478920,2181049,680895277,10385099,0,2782689148,4037003671894743,4037015978225311,4037015979041315,4037003673574827
26,"void read_kernel<double>(double*, double const*, double const*, double const*, unsigned long, bool) ",2,0,39,3834792,3834792,134218400,800,32768,0,8,0,16,64,0x0,0x7f583b4aa980,1337423,1337423,12959,10699392,2181049,697213589,10577882,0,2847944716,4037003673616287,4037015979061475,4037015979865319,4037003674577568
27,"void read_kernel<double>(double*, double const*, double const*, double const*, unsigned long, bool) ",2,0,40,3834792,3834792,134218400,800,32768,0,8,0,16,64,0x0,0x7f583b4aa980,1313658,1313658,10149,10509272,2181049,686333320,10409917,0,2804442048,4037003673740686,4037015979865319,4037015980681963,4037003675424661
28,"void read_kernel<double>(double*, double const*, double const*, double const*, unsigned long, bool) ",2,0,42,3834792,3834792,134218400,800,32768,0,8,0,16,64,0x0,0x7f583b4aa980,1343684,1343684,12868,10749480,2181049,701141549,10629746,0,2863662232,4037003675464780,4037015980702763,4037015981503246,4037003676425211
29,"void read_kernel<double>(double*, double const*, double const*, double const*, unsigned long, bool) ",2,0,43,3834792,3834792,134218400,800,32768,0,8,0,16,64,0x0,0x7f583b4aa980,1312562,1312562,10248,10500504,2181049,686271584,10402554,0,2804197416,4037003675589209,4037015981503246,4037015982317170,4037003677272433
30,"void read_kernel<double>(double*, double const*, double const*, double const*, unsigned long, bool) ",2,0,45,3834792,3834792,134218400,800,32768,0,8,0,16,64,0x0,0x7f583b4aa980,1346899,1346899,12929,10775200,2181049,705900034,10656607,0,2882707540,4037003677314573,4037015982337970,4037015983138774,4037003678275294
31,"void read_kernel<double>(double*, double const*, double const*, double const*, unsigned long, bool) ",2,0,46,3834792,3834792,134218400,800,32768,0,8,0,16,64,0x0,0x7f583b4aa980,1322438,1322438,9986,10579512,2181049,691542242,10482662,0,2825268840,4037003677436452,4037015983138774,4037015983953978,4037003679130676
32,"void read_kernel<double>(double*, double const*, double const*, double const*, unsigned long, bool) ",2,0,48,3834792,3834792,134218400,800,32768,0,8,0,16,64,0x0,0x7f583b4aa980,1353062,1353062,12665,10824504,2181049,707948594,10708779,0,2890881896,4037003679166996,4037015983975258,4037015984779262,4037003680140757
33,"void read_kernel<double>(double*, double const*, double const*, double const*, unsigned long, bool) ",2,0,49,3834792,3834792,134218400,800,32768,0,8,0,16,64,0x0,0x7f583b4aa980,1315300,1315300,9533,10522408,2181049,686351071,10428814,0,2804520156,4037003679298565,4037015984779262,4037015985592226,4037003680987799
34,"void read_kernel<double>(double*, double const*, double const*, double const*, unsigned long, bool) ",2,0,51,3834792,3834792,134218400,800,32768,0,8,0,16,64,0x0,0x7f583b4aa980,1344141,1344141,12562,10753136,2181049,701619941,10636735,0,2865583380,4037003681028539,4037015985613186,4037015986415270,4037003681987720
35,"void read_kernel<double>(double*, double const*, double const*, double const*, unsigned long, bool) ",2,0,52,3834792,3834792,134218400,800,32768,0,8,0,16,64,0x0,0x7f583b4aa980,1312450,1312450,9671,10499608,2181049,684940370,10406334,0,2798875156,4037003681151538,4037015986415270,4037015987230154,4037003682832682
36,"void read_kernel<double>(double*, double const*, double const*, double const*, unsigned long, bool) ",2,0,54,3834792,3834792,134218400,800,32768,0,8,0,16,64,0x0,0x7f583b4aa980,1352453,1352453,12592,10819632,2181049,705251561,10700856,0,2880092816,4037003682872422,4037015987262794,4037015988063278,4037003683831803
37,"void read_kernel<double>(double*, double const*, double const*, double const*, unsigned long, bool) ",2,0,55,3834792,3834792,134218400,800,32768,0,8,0,16,64,0x0,0x7f583b4aa980,1315745,1315745,10096,10525968,2181049,685531387,10429264,0,2801241396,4037003682990791,4037015988063278,4037015988876881,4037003684680565
38,"void read_kernel<double>(double*, double const*, double const*, double const*, unsigned long, bool) ",2,0,57,3834792,3834792,134218400,800,32768,0,8,0,16,64,0x0,0x7f583b4aa980,1342301,1342301,12086,10738416,2181049,701023336,10624410,0,2863196428,4037003684718095,4037015988897042,4037015989702005,4037003685684126
39,"void read_kernel<double>(double*, double const*, double const*, double const*, unsigned long, bool) ",2,0,58,3834792,3834792,134218400,800,32768,0,8,0,16,64,0x0,0x7f583b4aa980,1310575,1310575,9381,10484608,2181049,685234089,10391946,0,2800052472,4037003684842184,4037015989702005,4037015990515769,4037003686534368
40,"void read_kernel<double>(double*, double const*, double const*, double const*, unsigned long, bool) ",2,0,60,3834792,3834792,134218400,800,32768,0,8,0,16,64,0x0,0x7f583b4aa980,1351910,1351910,12441,10815288,2181049,706883246,10699871,0,2886636948,4037003686572828,4037015990535769,4037015991337213,4037003687540639
41,"void read_kernel<double>(double*, double const*, double const*, double const*, unsigned long, bool) ",2,0,61,3834792,3834792,134218400,800,32768,0,8,0,16,64,0x0,0x7f583b4aa980,1317909,1317909,9996,10543280,2181049,688051649,10448438,0,2811310552,4037003686693037,4037015991337213,4037015992152737,4037003688395351
42,"void scale_kernel<double>(double*, double const*, double const*, double const*, unsigned long, bool) ",2,0,63,3834792,3834792,134218400,800,32768,0,8,0,16,64,0x0,0x7f583b4aa9c0,2637196,2637196,14706,21097576,2181049,1603713976,20979487,0,6474130356,4037003688436901,4037015992184737,4037015993682184,4037003690202115
43,"void scale_kernel<double>(double*, double const*, double const*, double const*, unsigned long, bool) ",2,0,65,3834792,3834792,134218400,800,32768,0,8,0,16,64,0x0,0x7f583b4aa9c0,2654358,2654358,14043,21234872,2181049,1615819012,21119861,0,6522544132,4037003690234285,4037015993703304,4037015995221552,4037003692006498
44,"void scale_kernel<double>(double*, double const*, double const*, double const*, unsigned long, bool) ",2,0,66,3834792,3834792,134218400,800,32768,0,8,0,16,64,0x0,0x7f583b4aa9c0,2639414,2639414,12104,21115320,2181049,1608801878,21011009,0,6494401064,4037003690360543,4037015995221552,4037015996774839,4037003693661553
45,"void scale_kernel<double>(double*, double const*, double const*, double const*, unsigned long, bool) ",2,0,68,3834792,3834792,134218400,800,32768,0,8,0,16,64,0x0,0x7f583b4aa9c0,2654510,2654510,15164,21236088,2181049,1615830424,21111935,0,6522556904,4037003693710762,4037015996806999,4037015998315006,4037003695469246
46,"void scale_kernel<double>(double*, double const*, double const*, double const*, unsigned long, bool) ",2,0,69,3834792,3834792,134218400,800,32768,0,8,0,16,64,0x0,0x7f583b4aa9c0,2620381,2620381,12099,20963056,2181049,1592101861,20860148,0,6427658912,4037003693827821,4037015998315006,4037015999839013,4037003697120691
47,"void scale_kernel<double>(double*, double const*, double const*, double const*, unsigned long, bool) ",2,0,71,3834792,3834792,134218400,800,32768,0,8,0,16,64,0x0,0x7f583b4aa9c0,2634822,2634822,14144,21078584,2181049,1603969015,20964500,0,6475142104,4037003697169141,4037015999871654,4037016001368301,4037003698929385
48,"void scale_kernel<double>(double*, double const*, double const*, double const*, unsigned long, bool) ",2,0,72,3834792,3834792,134218400,800,32768,0,8,0,16,64,0x0,0x7f583b4aa9c0,2612945,2612945,11198,20903568,2181049,1588559122,20807241,0,6413482160,4037003697291150,4037016001368301,4037016002913428,4037003700592159
49,"void scale_kernel<double>(double*, double const*, double const*, double const*, unsigned long, bool) ",2,0,74,3834792,3834792,134218400,800,32768,0,8,0,16,64,0x0,0x7f583b4aa9c0,2645563,2645563,14234,21164512,2181049,1608613324,21043827,0,6493731468,4037003700632589,4037016002946228,4037016004465755,4037003702397563
50,"void scale_kernel<double>(double*, double const*, double const*, double const*, unsigned long, bool) ",2,0,75,3834792,3834792,134218400,800,32768,0,8,0,16,64,0x0,0x7f583b4aa9c0,2625044,2625044,12428,21000360,2181049,1595666774,20894078,0,6441923532,4037003700755428,4037016004465755,4037016006008963,4037003704055738
51,"void scale_kernel<double>(double*, double const*, double const*, double const*, unsigned long, bool) ",2,0,77,3834792,3834792,134218400,800,32768,0,8,0,16,64,0x0,0x7f583b4aa9c0,2651007,2651007,14933,21208064,2181049,1611716345,21084708,0,6506132440,4037003704097327,4037016006042563,4037016007555210,4037003705858941
52,"void scale_kernel<double>(double*, double const*, double const*, double const*, unsigned long, bool) ",2,0,78,3834792,3834792,134218400,800,32768,0,8,0,16,64,0x0,0x7f583b4aa9c0,2634992,2634992,11738,21079944,2181049,1607596168,20983251,0,6489594332,4037003704217746,4037016007555210,4037016009089297,4037003707523906
53,"void scale_kernel<double>(double*, double const*, double const*, double const*, unsigned long, bool) ",2,0,80,3834792,3834792,134218400,800,32768,0,8,0,16,64,0x0,0x7f583b4aa9c0,2658000,2658000,15029,21264008,2181049,1618307944,21145840,0,6532521232,4037003707569455,4037016009121457,4037016010628825,4037003709363029
54,"void scale_kernel<double>(double*, double const*, double const*, double const*, unsigned long, bool) ",2,0,81,3834792,3834792,134218400,800,32768,0,8,0,16,64,0x0,0x7f583b4aa9c0,2643427,2643427,12274,21147424,2181049,1613689756,21042548,0,6513961888,4037003707689434,4037016010628825,4037016012135232,4037003711005744
55,"void scale_kernel<double>(double*, double const*, double const*, double const*, unsigned long, bool) ",2,0,83,3834792,3834792,134218400,800,32768,0,8,0,16,64,0x0,0x7f583b4aa9c0,2660017,2660017,14158,21280144,2181049,1621787158,21161374,0,6546390932,4037003711050093,4037016012167796,4037016013668604,4037003712812817
56,"void scale_kernel<double>(double*, double const*, double const*, double const*, unsigned long, bool) ",2,0,84,3834792,3834792,134218400,800,32768,0,8,0,16,64,0x0,0x7f583b4aa9c0,2652205,2652205,12569,21217648,2181049,1618810204,21112815,0,6534447648,4037003711166582,4037016013668604,4037016015195972,4037003714487872
57,"void scale_kernel<double>(double*, double const*, double const*, double const*, unsigned long, bool) ",2,0,86,3834792,3834792,134218400,800,32768,0,8,0,16,64,0x0,0x7f583b4aa9c0,2690776,2690776,15455,21526216,2181049,1642446449,21398022,0,6628996460,4037003714537861,4037016015228132,4037016016736141,4037003716322635
58,"void scale_kernel<double>(double*, double const*, double const*, double const*, unsigned long, bool) ",2,0,87,3834792,3834792,134218400,800,32768,0,8,0,16,64,0x0,0x7f583b4aa9c0,2663052,2663052,11906,21304424,2181049,1628274062,21207356,0,6572290540,4037003714659120,4037016016736141,4037016018258869,4037003718008259
59,"void scale_kernel<double>(double*, double const*, double const*, double const*, unsigned long, bool) ",2,0,89,3834792,3834792,134218400,800,32768,0,8,0,16,64,0x0,0x7f583b4aa9c0,2687350,2687350,14123,21498808,2181049,1641433565,21385961,0,6624971056,4037003718047399,4037016018282870,4037016019836318,4037003719835842
60,"void scale_kernel<double>(double*, double const*, double const*, double const*, unsigned long, bool) ",2,0,90,3834792,3834792,134218400,800,32768,0,8,0,16,64,0x0,0x7f583b4aa9c0,2664950,2664950,11916,21319608,2181049,1629915108,21225442,0,6578818692,4037003718169408,4037016019836318,4037016021395527,4037003721517487
61,"void triad_kernel<double>(double*, double const*, double const*, double const*, unsigned long, bool) ",2,0,92,3834792,3834792,134218400,800,32768,0,8,0,16,64,0x0,0x7f583b4aaa00,4301036,4301036,14471,34408296,2181049,2665574542,34293479,0,10721093056,4037003721558527,4037016021432487,4037016023849301,4037003724330001
62,"void triad_kernel<double>(double*, double const*, double const*, double const*, unsigned long, bool) ",2,0,94,3834792,3834792,134218400,800,32768,0,8,0,16,64,0x0,0x7f583b4aaa00,4297611,4297611,15956,34380896,2181049,2666371337,34254729,0,10724298368,4037003724374551,4037016023870101,4037016026254915,4037003727165615
63,"void triad_kernel<double>(double*, double const*, double const*, double const*, unsigned long, bool) ",2,0,95,3834792,3834792,134218400,800,32768,0,8,0,16,64,0x0,0x7f583b4aaa00,4284068,4284068,13142,34272552,2181049,2656277425,34170292,0,10683901532,4037003724509610,4037016026254915,4037016028665009,4037003729843401
64,"void triad_kernel<double>(double*, double const*, double const*, double const*, unsigned long, bool) ",2,0,97,3834792,3834792,134218400,800,32768,0,8,0,16,64,0x0,0x7f583b4aaa00,4309444,4309444,15828,34475560,2181049,2675265454,34351685,0,10759872496,4037003729890330,4037016028688369,4037016031088382,4037003732684115
65,"void triad_kernel<double>(double*, double const*, double const*, double const*, unsigned long, bool) ",2,0,98,3834792,3834792,134218400,800,32768,0,8,0,16,64,0x0,0x7f583b4aaa00,4298315,4298315,12112,34386528,2181049,2667716718,34284947,0,10729651132,4037003730015869,4037016031088382,4037016033497356,4037003735350030
66,"void triad_kernel<double>(double*, double const*, double const*, double const*, unsigned long, bool) ",2,0,100,3834792,3834792,134218400,800,32768,0,8,0,16,64,0x0,0x7f583b4aaa00,4311750,4311750,14871,34494008,2181049,2673686061,34378276,0,10753547812,4037003735394040,4037016033521196,4037016035933370,4037003738170184
67,"void triad_kernel<double>(double*, double const*, double const*, double const*, unsigned long, bool) ",2,0,101,3834792,3834792,134218400,800,32768,0,8,0,16,64,0x0,0x7f583b4aaa00,4305883,4305883,12533,34447072,2181049,2670574470,34345684,0,10741088940,4037003735516629,4037016035933370,4037016038409224,4037003740853740
68,"void triad_kernel<double>(double*, double const*, double const*, double const*, unsigned long, bool) ",2,0,103,3834792,3834792,134218400,800,32768,0,8,0,16,64,0x0,0x7f583b4aaa00,4313871,4313871,14319,34510976,2181049,2675719947,34396269,0,10761681788,4037003740894919,4037016038433064,4037016040952598,4037003743682974
69,"void triad_kernel<double>(double*, double const*, double const*, double const*, unsigned long, bool) ",2,0,104,3834792,3834792,134218400,800,32768,0,8,0,16,64,0x0,0x7f583b4aaa00,4299318,4299318,12554,34394552,2181049,2664969899,34294828,0,10718664144,4037003741025838,4037016040952598,4037016043450052,4037003746360659
70,"void triad_kernel<double>(double*, double const*, double const*, double const*, unsigned long, bool) ",2,0,106,3834792,3834792,134218400,800,32768,0,8,0,16,64,0x0,0x7f583b4aaa00,4301916,4301916,14941,34415336,2181049,2666892009,34299310,0,10726378040,4037003746397429,4037016043472453,4037016045985747,4037003749185153
71,"void triad_kernel<double>(double*, double const*, double const*, double const*, unsigned long, bool) ",2,0,107,3834792,3834792,134218400,800,32768,0,8,0,16,64,0x0,0x7f583b4aaa00,4300436,4300436,11925,34403496,2181049,2669191763,34304348,0,10735543332,4037003746533328,4037016045985747,4037016048501921,4037003751865038
72,"void triad_kernel<double>(double*, double const*, double const*, double const*, unsigned long, bool) ",2,0,109,3834792,3834792,134218400,800,32768,0,8,0,16,64,0x0,0x7f583b4aaa00,4311208,4311208,15592,34489672,2181049,2673291196,34367244,0,10751964976,4037003751902118,4037016048525601,4037016050962575,4037003754703282
73,"void triad_kernel<double>(double*, double const*, double const*, double const*, unsigned long, bool) ",2,0,110,3834792,3834792,134218400,800,32768,0,8,0,16,64,0x0,0x7f583b4aaa00,4299398,4299398,13076,34395192,2181049,2668645796,34290311,0,10733350204,4037003752044487,4037016050962575,4037016053417469,4037003757372268
74,"void triad_kernel<double>(double*, double const*, double const*, double const*, unsigned long, bool) ",2,0,112,3834792,3834792,134218400,800,32768,0,8,0,16,64,0x0,0x7f583b4aaa00,4309247,4309247,15740,34473984,2181049,2671848390,34352634,0,10746186404,4037003757399717,4037016053440669,4037016055877323,4037003760195342
75,"void triad_kernel<double>(double*, double const*, double const*, double const*, unsigned long, bool) ",2,0,113,3834792,3834792,134218400,800,32768,0,8,0,16,64,0x0,0x7f583b4aaa00,4303407,4303407,12664,34427264,2181049,2668449240,34326726,0,10732566036,4037003757536666,4037016055877323,4037016058335417,4037003762868807
76,"void triad_kernel<double>(double*, double const*, double const*, double const*, unsigned long, bool) ",2,0,115,3834792,3834792,134218400,800,32768,0,8,0,16,64,0x0,0x7f583b4aaa00,4317227,4317227,16034,34537824,2181049,2677797492,34411462,0,10770016604,4037003762916637,4037016058365337,4037016060855911,4037003765717631
77,"void triad_kernel<double>(double*, double const*, double const*, double const*, unsigned long, bool) ",2,0,116,3834792,3834792,134218400,800,32768,0,8,0,16,64,0x0,0x7f583b4aaa00,4290186,4290186,13282,34321496,2181049,2662682911,34218842,0,10709502428,4037003763060136,4037016060855911,4037016063367126,4037003768395567
78,"void triad_kernel<double>(double*, double const*, double const*, double const*, unsigned long, bool) ",2,0,118,3834792,3834792,134218400,800,32768,0,8,0,16,64,0x0,0x7f583b4aaa00,4302243,4302243,14628,34417952,2181049,2670372545,34301343,0,10740303352,4037003768438466,4037016063390166,4037016065809859,4037003771215011
79,"void triad_kernel<double>(double*, double const*, double const*, double const*, unsigned long, bool) ",2,0,119,3834792,3834792,134218400,800,32768,0,8,0,16,64,0x0,0x7f583b4aaa00,4293323,4293323,12387,34346592,2181049,2663005754,34244948,0,10710795868,4037003768556255,4037016065809859,4037016068252113,4037003773925956
80,"void stencil1d3pt_kernel<double>(double*, double const*, double const*, double const*, unsigned long, bool) ",2,0,121,3834792,3834792,134218400,800,32768,0,12,4,16,64,0x0,0x7f583b4aaa40,2976328,2976328,14623,23810632,2181049,1801489293,23693931,0,7265133688,4037003773946286,4037016068288913,4037016070016443,4037003775933047
81,"void stencil1d3pt_kernel<double>(double*, double const*, double const*, double const*, unsigned long, bool) ",2,0,123,3834792,3834792,134218400,800,32768,0,12,4,16,64,0x0,0x7f583b4aaa40,2962786,2962786,14274,23702296,2181049,1792472645,23583466,0,7229081188,4037003775980757,4037016070038683,4037016071821734,4037003777960689
82,"void stencil1d3pt_kernel<double>(double*, double const*, double const*, double const*, unsigned long, bool) ",2,0,124,3834792,3834792,134218400,800,32768,0,12,4,16,64,0x0,0x7f583b4aaa40,2966939,2966939,11654,23735520,2181049,1798157052,23635077,0,7251761480,4037003776116856,4037016071821734,4037016073563343,4037003779841031
83,"void stencil1d3pt_kernel<double>(double*, double const*, double const*, double const*, unsigned long, bool) ",2,0,126,3834792,3834792,134218400,800,32768,0,12,4,16,64,0x0,0x7f583b4aaa40,2976215,2976215,14727,23809728,2181049,1800108846,23687551,0,7259641208,4037003779879011,4037016073586064,4037016075263193,4037003781847103
84,"void stencil1d3pt_kernel<double>(double*, double const*, double const*, double const*, unsigned long, bool) ",2,0,127,3834792,3834792,134218400,800,32768,0,12,4,16,64,0x0,0x7f583b4aaa40,2962122,2962122,12231,23696984,2181049,1792620153,23596658,0,7229628296,4037003779999610,4037016075262826,4037016076966033,4037003783720046
85,"void stencil1d3pt_kernel<double>(double*, double const*, double const*, double const*, unsigned long, bool) ",2,0,129,3834792,3834792,134218400,800,32768,0,12,4,16,64,0x0,0x7f583b4aaa40,2972662,2972662,14469,23781304,2181049,1798788619,23661322,0,7254339440,4037003783766906,4037016076989073,4037016078709720,4037003785736507
86,"void stencil1d3pt_kernel<double>(double*, double const*, double const*, double const*, unsigned long, bool) ",2,0,130,3834792,3834792,134218400,800,32768,0,12,4,16,64,0x0,0x7f583b4aaa40,2970950,2970950,11834,23767608,2181049,1799263808,23670882,0,7256210480,4037003783891764,4037016078709720,4037016080452288,4037003787619800
87,"void stencil1d3pt_kernel<double>(double*, double const*, double const*, double const*, unsigned long, bool) ",2,0,132,3834792,3834792,134218400,800,32768,0,12,4,16,64,0x0,0x7f583b4aaa40,2970892,2970892,14968,23767144,2181049,1797256923,23643652,0,7248206612,4037003787660390,4037016080475648,4037016082186696,4037003789632392
88,"void stencil1d3pt_kernel<double>(double*, double const*, double const*, double const*, unsigned long, bool) ",2,0,133,3834792,3834792,134218400,800,32768,0,12,4,16,64,0x0,0x7f583b4aaa40,2978201,2978201,12222,23825616,2181049,1803857731,23728514,0,7274572232,4037003787785209,4037016082186696,4037016083959984,4037003791513984
89,"void stencil1d3pt_kernel<double>(double*, double const*, double const*, double const*, unsigned long, bool) ",2,0,135,3834792,3834792,134218400,800,32768,0,12,4,16,64,0x0,0x7f583b4aaa40,2976324,2976324,16018,23810600,2181049,1800203714,23680552,0,7259998120,4037003791553664,4037016083982064,4037016085698872,4037003793525126
90,"void stencil1d3pt_kernel<double>(double*, double const*, double const*, double const*, unsigned long, bool) ",2,0,136,3834792,3834792,134218400,800,32768,0,12,4,16,64,0x0,0x7f583b4aaa40,2977216,2977216,11635,23817736,2181049,1804162947,23722489,0,7275807104,4037003791673003,4037016085698872,4037016087453600,4037003795403699
91,"void stencil1d3pt_kernel<double>(double*, double const*, double const*, double const*, unsigned long, bool) ",2,0,138,3834792,3834792,134218400,800,32768,0,12,4,16,64,0x0,0x7f583b4aaa40,2975225,2975225,14788,23801808,2181049,1799034234,23681403,0,7255316020,4037003795451468,4037016087477120,4037016089209928,4037003797437320
92,"void stencil1d3pt_kernel<double>(double*, double const*, double const*, double const*, unsigned long, bool) ",2,0,139,3834792,3834792,134218400,800,32768,0,12,4,16,64,0x0,0x7f583b4aaa40,2974176,2974176,12369,23793416,2181049,1801486568,23694151,0,7265085260,4037003795591007,4037016089209928,4037016090964656,4037003799317573
93,"void stencil1d3pt_kernel<double>(double*, double const*, double const*, double const*, unsigned long, bool) ",2,0,141,3834792,3834792,134218400,800,32768,0,12,4,16,64,0x0,0x7f583b4aaa40,2968295,2968295,14672,23746368,2181049,1796716200,23630399,0,7246034964,4037003799362512,4037016090987056,4037016092757464,4037003801341834
94,"void stencil1d3pt_kernel<double>(double*, double const*, double const*, double const*, unsigned long, bool) ",2,0,142,3834792,3834792,134218400,800,32768,0,12,4,16,64,0x0,0x7f583b4aaa40,2972600,2972600,12387,23780808,2181049,1800905850,23678619,0,7262749560,4037003799500601,4037016092757464,4037016094524352,4037003803220227
95,"void stencil1d3pt_kernel<double>(double*, double const*, double const*, double const*, unsigned long, bool) ",2,0,144,3834792,3834792,134218400,800,32768,0,12,4,16,64,0x0,0x7f583b4aaa40,2973639,2973639,14447,23789120,2181049,1799649218,23669119,0,7257805648,4037003803268986,4037016094547552,4037016096313000,4037003805234118
96,"void stencil1d3pt_kernel<double>(double*, double const*, double const*, double const*, unsigned long, bool) ",2,0,145,3834792,3834792,134218400,800,32768,0,12,4,16,64,0x0,0x7f583b4aaa40,2959284,2959284,11724,23674280,2181049,1793471846,23577397,0,7233038944,4037003803388615,4037016096313000,4037016098079408,4037003807106571
97,"void stencil1d3pt_kernel<double>(double*, double const*, double const*, double const*, unsigned long, bool) ",2,0,147,3834792,3834792,134218400,800,32768,0,12,4,16,64,0x0,0x7f583b4aaa40,2975522,2975522,14767,23804184,2181049,1799786923,23685151,0,7258338028,4037003807152671,4037016098101648,4037016099855896,4037003809120383
98,"void stencil1d3pt_kernel<double>(double*, double const*, double const*, double const*, unsigned long, bool) ",2,0,148,3834792,3834792,134218400,800,32768,0,12,4,16,64,0x0,0x7f583b4aaa40,2969471,2969471,12504,23755776,2181049,1798069943,23653862,0,7251427992,4037003807272879,4037016099855896,4037016101601184,4037003810998615
99,"void stencil1d5pt_kernel<double>(double*, double const*, double const*, double const*, unsigned long, bool) ",2,0,150,3834792,3834792,134218400,800,32768,0,20,4,16,64,0x0,0x7f583b4aaa80,3507278,3507278,15985,28058232,2181049,1954849061,27934191,0,7878129992,4037003811046255,4037016101625664,4037016103729194,4037003813374034
100,"void stencil1d5pt_kernel<double>(double*, double const*, double const*, double const*, unsigned long, bool) ",2,0,152,3834792,3834792,134218400,800,32768,0,20,4,16,64,0x0,0x7f583b4aaa80,3513280,3513280,15448,28106248,2181049,1958181119,27984878,0,7891445420,4037003813414693,4037016103751274,4037016105865204,4037003815754512
101,"void stencil1d5pt_kernel<double>(double*, double const*, double const*, double const*, unsigned long, bool) ",2,0,153,3834792,3834792,134218400,800,32768,0,20,4,16,64,0x0,0x7f583b4aaa80,3505712,3505712,13162,28045704,2181049,1955955865,27945087,0,7882541076,4037003813556842,4037016105865204,4037016107978973,4037003817970951
102,"void stencil1d5pt_kernel<double>(double*, double const*, double const*, double const*, unsigned long, bool) ",2,0,155,3834792,3834792,134218400,800,32768,0,20,4,16,64,0x0,0x7f583b4aaa80,3517530,3517530,16879,28140248,2181049,1960824896,28011344,0,7902026656,4037003818015321,4037016108002333,4037016110120743,4037003820340470
103,"void stencil1d5pt_kernel<double>(double*, double const*, double const*, double const*, unsigned long, bool) ",2,0,156,3834792,3834792,134218400,800,32768,0,20,4,16,64,0x0,0x7f583b4aaa80,3510479,3510479,12867,28083840,2181049,1957590850,27980939,0,7889083036,4037003818138170,4037016110120743,4037016112242032,4037003822565519
104,"void stencil1d5pt_kernel<double>(double*, double const*, double const*, double const*, unsigned long, bool) ",2,0,158,3834792,3834792,134218400,800,32768,0,20,4,16,64,0x0,0x7f583b4aaa80,3520287,3520287,16083,28162304,2181049,1962218124,28038057,0,7907583772,4037003822610119,4037016112276273,4037016114377882,4037003824938457
105,"void stencil1d5pt_kernel<double>(double*, double const*, double const*, double const*, unsigned long, bool) ",2,0,159,3834792,3834792,134218400,800,32768,0,20,4,16,64,0x0,0x7f583b4aaa80,3513409,3513409,12444,28107280,2181049,1960032552,28008886,0,7898847748,4037003822737537,4037016114377882,4037016116493252,4037003827162657
106,"void stencil1d5pt_kernel<double>(double*, double const*, double const*, double const*, unsigned long, bool) ",2,0,161,3834792,3834792,134218400,800,32768,0,20,4,16,64,0x0,0x7f583b4aaa80,3516929,3516929,15875,28135440,2181049,1960473056,28012324,0,7900607192,4037003827204707,4037016116516292,4037016118636142,4037003829529965
107,"void stencil1d5pt_kernel<double>(double*, double const*, double const*, double const*, unsigned long, bool) ",2,0,162,3834792,3834792,134218400,800,32768,0,20,4,16,64,0x0,0x7f583b4aaa80,3509141,3509141,13067,28073136,2181049,1958092068,27971293,0,7891080208,4037003827328735,4037016118636142,4037016120739031,4037003831755545
108,"void stencil1d5pt_kernel<double>(double*, double const*, double const*, double const*, unsigned long, bool) ",2,0,164,3834792,3834792,134218400,800,32768,0,20,4,16,64,0x0,0x7f583b4aaa80,3516349,3516349,15518,28130800,2181049,1959841130,28010483,0,7898090836,4037003831796044,4037016120763351,4037016122881441,4037003834113643
109,"void stencil1d5pt_kernel<double>(double*, double const*, double const*, double const*, unsigned long, bool) ",2,0,165,3834792,3834792,134218400,800,32768,0,20,4,16,64,0x0,0x7f583b4aaa80,3511004,3511004,13229,28088040,2181049,1956936658,27983006,0,7886468068,4037003831916043,4037016122881441,4037016124993130,4037003836340783
110,"void stencil1d5pt_kernel<double>(double*, double const*, double const*, double const*, unsigned long, bool) ",2,0,167,3834792,3834792,134218400,800,32768,0,20,4,16,64,0x0,0x7f583b4aaa80,3519192,3519192,16193,28153544,2181049,1960222903,28024802,0,7899617164,4037003836388162,4037016125016650,4037016127109780,4037003838739401
111,"void stencil1d5pt_kernel<double>(double*, double const*, double const*, double const*, unsigned long, bool) ",2,0,168,3834792,3834792,134218400,800,32768,0,20,4,16,64,0x0,0x7f583b4aaa80,3513076,3513076,12816,28104616,2181049,1958830308,28005846,0,7894046724,4037003836509141,4037016127109780,4037016129210429,4037003840939260
112,"void stencil1d5pt_kernel<double>(double*, double const*, double const*, double const*, unsigned long, bool) ",2,0,170,3834792,3834792,134218400,800,32768,0,20,4,16,64,0x0,0x7f583b4aaa80,3521929,3521929,16209,28175440,2181049,1963245000,28049316,0,7911702296,4037003840985460,4037016129239870,4037016131325959,4037003843312699
113,"void stencil1d5pt_kernel<double>(double*, double const*, double const*, double const*, unsigned long, bool) ",2,0,171,3834792,3834792,134218400,800,32768,0,20,4,16,64,0x0,0x7f583b4aaa80,3512270,3512270,12900,28098168,2181049,1959366956,27997093,0,7896186944,4037003841111099,4037016131325959,4037016133429329,4037003845546038
114,"void stencil1d5pt_kernel<double>(double*, double const*, double const*, double const*, unsigned long, bool) ",2,0,173,3834792,3834792,134218400,800,32768,0,20,4,16,64,0x0,0x7f583b4aaa80,3522753,3522753,15516,28182032,2181049,1964111451,28058993,0,7915161256,4037003845579118,4037016133453969,4037016135576218,4037003847912686
115,"void stencil1d5pt_kernel<double>(double*, double const*, double const*, double const*, unsigned long, bool) ",2,0,174,3834792,3834792,134218400,800,32768,0,20,4,16,64,0x0,0x7f583b4aaa80,3507305,3507305,13730,28058448,2181049,1956748927,27945203,0,7885715136,4037003845711926,4037016135576218,4037016137670948,4037003850140656
116,"void stencil1d5pt_kernel<double>(double*, double const*, double const*, double const*, unsigned long, bool) ",2,0,176,3834792,3834792,134218400,800,32768,0,20,4,16,64,0x0,0x7f583b4aaa80,3513920,3513920,15053,28111368,2181049,1958361225,27990704,0,7892163024,4037003850185856,4037016137694576,4037016139806906,4037003852505314
117,"void stencil1d5pt_kernel<double>(double*, double const*, double const*, double const*, unsigned long, bool) ",2,0,177,3834792,3834792,134218400,800,32768,0,20,4,16,64,0x0,0x7f583b4aaa80,3510828,3510828,13731,28086632,2181049,1957935264,27976384,0,7890452636,4037003850308624,4037016139806906,4037016141888515,4037003854733474
