Index,KernelName,gpu-id,queue-id,queue-index,pid,tid,grd,wgr,lds,scr,arch_vgpr,accum_vgpr,sgpr,wave_size,sig,obj,SQ_INSTS_VMEM,SQ_INST_LEVEL_VMEM,SQ_ACCUM_PREV_HIRES,DispatchNs,BeginNs,EndNs,CompleteNs
0,"void init_kernel<double>(double*, double const*, double const*, double const*, unsigned long, bool) ",2,0,0,3822616,3822616,134218752,1024,32768,0,8,0,16,64,0x0,0x7f50df9fa940,2097153,13875542,1554008949,4036876873547292,4036874377494061,4036874378220465,4036876892359671
1,"void init_kernel<double>(double*, double const*, double const*, double const*, unsigned long, bool) ",2,0,1,3822616,3822616,134218752,1024,32768,0,8,0,16,64,0x0,0x7f50df9fa940,2097153,13931811,1560371686,4036876891533308,4036874378220465,4036874378948948,4036876893097344
2,"void init_kernel<double>(double*, double const*, double const*, double const*, unsigned long, bool) ",2,0,2,3822616,3822616,134218752,1024,32768,0,8,0,16,64,0x0,0x7f50df9fa940,2097153,13595899,1522727933,4036876891608348,4036874378948948,4036874379682871,4036876893831758
3,"void init_kernel<double>(double*, double const*, double const*, double const*, unsigned long, bool) ",2,0,3,3822616,3822616,134218752,1024,32768,0,8,0,16,64,0x0,0x7f50df9fa940,2097153,13628539,1526389100,4036876891671527,4036874379682871,4036874380422555,4036876894583421
4,"void init_kernel<double>(double*, double const*, double const*, double const*, unsigned long, bool) ",2,0,5,3822616,3822616,134218304,704,32768,0,8,0,16,64,0x0,0x7f50df9fa940,2097153,10308281,1154547299,4036876894593071,4036874380461915,4036874381154879,4036876895515052
5,"void init_kernel<double>(double*, double const*, double const*, double const*, unsigned long, bool) ",2,0,7,3822616,3822616,134218304,704,32768,0,8,0,16,64,0x0,0x7f50df9fa940,2097153,10241554,1147074629,4036876895522922,4036874381176799,4036874381868963,4036876896421044
6,"void init_kernel<double>(double*, double const*, double const*, double const*, unsigned long, bool) ",2,0,8,3822616,3822616,134218304,704,32768,0,8,0,16,64,0x0,0x7f50df9fa940,2097153,10141283,1135804888,4036876895653851,4036874381868963,4036874382564806,4036876897123298
7,"void init_kernel<double>(double*, double const*, double const*, double const*, unsigned long, bool) ",2,0,10,3822616,3822616,134218304,704,32768,0,8,0,16,64,0x0,0x7f50df9fa940,2097153,10225650,1145216893,4036876897144897,4036874382588966,4036874383277930,4036876898015800
8,"void init_kernel<double>(double*, double const*, double const*, double const*, unsigned long, bool) ",2,0,11,3822616,3822616,134218304,704,32768,0,8,0,16,64,0x0,0x7f50df9fa940,2097153,10148237,1136591663,4036876897262076,4036874383277930,4036874383967373,4036876898729143
9,"void init_kernel<double>(double*, double const*, double const*, double const*, unsigned long, bool) ",2,0,13,3822616,3822616,134218304,704,32768,0,8,0,16,64,0x0,0x7f50df9fa940,2097153,10322115,1156120504,4036876898751523,4036874384000333,4036874384694897,4036876899623535
10,"void init_kernel<double>(double*, double const*, double const*, double const*, unsigned long, bool) ",2,0,14,3822616,3822616,134218304,704,32768,0,8,0,16,64,0x0,0x7f50df9fa940,2097153,10111799,1132342038,4036876898872242,4036874384694897,4036874385396500,4036876900340408
11,"void init_kernel<double>(double*, double const*, double const*, double const*, unsigned long, bool) ",2,0,16,3822616,3822616,134218304,704,32768,0,8,0,16,64,0x0,0x7f50df9fa940,2097153,10313467,1155029403,4036876900364048,4036874385419381,4036874386120664,4036876901228380
12,"void init_kernel<double>(double*, double const*, double const*, double const*, unsigned long, bool) ",2,0,17,3822616,3822616,134218304,704,32768,0,8,0,16,64,0x0,0x7f50df9fa940,2097153,10190244,1141259343,4036876900475187,4036874386120664,4036874386819068,4036876901945094
13,"void init_kernel<double>(double*, double const*, double const*, double const*, unsigned long, bool) ",2,0,19,3822616,3822616,134218304,704,32768,0,8,0,16,64,0x0,0x7f50df9fa940,2097153,10386727,1163330315,4036876901970474,4036874386842588,4036874387533791,4036876902836996
14,"void init_kernel<double>(double*, double const*, double const*, double const*, unsigned long, bool) ",2,0,20,3822616,3822616,134218304,704,32768,0,8,0,16,64,0x0,0x7f50df9fa940,2097153,10122643,1133688889,4036876902085352,4036874387533791,4036874388220515,4036876903556249
15,"void init_kernel<double>(double*, double const*, double const*, double const*, unsigned long, bool) ",2,0,22,3822616,3822616,134218304,704,32768,0,8,0,16,64,0x0,0x7f50df9fa940,2097153,10259427,1149078486,4036876903579569,4036874388242435,4036874388948678,4036876904437021
16,"void init_kernel<double>(double*, double const*, double const*, double const*, unsigned long, bool) ",2,0,23,3822616,3822616,134218304,704,32768,0,8,0,16,64,0x0,0x7f50df9fa940,2097153,10368451,1161243165,4036876903686028,4036874388948678,4036874389653002,4036876905158625
17,"void init_kernel<double>(double*, double const*, double const*, double const*, unsigned long, bool) ",2,0,25,3822616,3822616,134218304,704,32768,0,8,0,16,64,0x0,0x7f50df9fa940,2097153,10278404,1151023385,4036876905180415,4036874389687242,4036874390381006,4036876906044667
18,"void init_kernel<double>(double*, double const*, double const*, double const*, unsigned long, bool) ",2,0,26,3822616,3822616,134218304,704,32768,0,8,0,16,64,0x0,0x7f50df9fa940,2097153,10098481,1131026882,4036876905292323,4036874390381006,4036874391074129,4036876906763440
19,"void init_kernel<double>(double*, double const*, double const*, double const*, unsigned long, bool) ",2,0,28,3822616,3822616,134218304,704,32768,0,8,0,16,64,0x0,0x7f50df9fa940,2097153,10419732,1166919979,4036876906784760,4036874391096529,4036874391790933,4036876907649652
20,"void init_kernel<double>(double*, double const*, double const*, double const*, unsigned long, bool) ",2,0,29,3822616,3822616,134218304,704,32768,0,8,0,16,64,0x0,0x7f50df9fa940,2097153,9977399,1117319733,4036876906897059,4036874391790933,4036874392481336,4036876908366995
21,"void init_kernel<double>(double*, double const*, double const*, double const*, unsigned long, bool) ",2,0,31,3822616,3822616,134218304,704,32768,0,8,0,16,64,0x0,0x7f50df9fa940,2097153,10396839,1164446925,4036876908392775,4036874392503736,4036874393190940,4036876909252307
22,"void init_kernel<double>(double*, double const*, double const*, double const*, unsigned long, bool) ",2,0,32,3822616,3822616,134218304,704,32768,0,8,0,16,64,0x0,0x7f50df9fa940,2097153,10209232,1143471346,4036876908501534,4036874393190940,4036874393874783,4036876909978131
23,"void read_kernel<double>(double*, double const*, double const*, double const*, unsigned long, bool) ",2,0,34,3822616,3822616,134218304,704,32768,0,8,0,16,64,0x0,0x7f50df9fa980,2097153,16010859,1793368424,4036876910006501,4036874393899743,4036874394711588,4036876910964262
24,"void read_kernel<double>(double*, double const*, double const*, double const*, unsigned long, bool) ",2,0,36,3822616,3822616,134218304,704,32768,0,8,0,16,64,0x0,0x7f50df9fa980,2097153,16060486,1798797171,4036876910986902,4036874394732868,4036874395546152,4036876911958063
25,"void read_kernel<double>(double*, double const*, double const*, double const*, unsigned long, bool) ",2,0,37,3822616,3822616,134218304,704,32768,0,8,0,16,64,0x0,0x7f50df9fa980,2097153,15527398,1739030813,4036876911104481,4036874395546152,4036874396366636,4036876912799535
26,"void read_kernel<double>(double*, double const*, double const*, double const*, unsigned long, bool) ",2,0,39,3822616,3822616,134218304,704,32768,0,8,0,16,64,0x0,0x7f50df9fa980,2097153,15937706,1785051443,4036876912820365,4036874396387756,4036874397204560,4036876913775337
27,"void read_kernel<double>(double*, double const*, double const*, double const*, unsigned long, bool) ",2,0,40,3822616,3822616,134218304,704,32768,0,8,0,16,64,0x0,0x7f50df9fa980,2097153,15471318,1732706042,4036876912924044,4036874397204560,4036874398026964,4036876914614719
28,"void read_kernel<double>(double*, double const*, double const*, double const*, unsigned long, bool) ",2,0,42,3822616,3822616,134218304,704,32768,0,8,0,16,64,0x0,0x7f50df9fa980,2097153,15948765,1786323542,4036876914639118,4036874398059925,4036874398874809,4036876915607370
29,"void read_kernel<double>(double*, double const*, double const*, double const*, unsigned long, bool) ",2,0,43,3822616,3822616,134218304,704,32768,0,8,0,16,64,0x0,0x7f50df9fa980,2097153,15460652,1731556000,4036876914750917,4036874398874809,4036874399697533,4036876916442842
30,"void read_kernel<double>(double*, double const*, double const*, double const*, unsigned long, bool) ",2,0,45,3822616,3822616,134218304,704,32768,0,8,0,16,64,0x0,0x7f50df9fa980,2097153,16033467,1795680754,4036876916465862,4036874399733533,4036874400546977,4036876917426863
31,"void read_kernel<double>(double*, double const*, double const*, double const*, unsigned long, bool) ",2,0,46,3822616,3822616,134218304,704,32768,0,8,0,16,64,0x0,0x7f50df9fa980,2097153,15551921,1741754887,4036876916573671,4036874400546977,4036874401370501,4036876918267945
32,"void read_kernel<double>(double*, double const*, double const*, double const*, unsigned long, bool) ",2,0,48,3822616,3822616,134218304,704,32768,0,8,0,16,64,0x0,0x7f50df9fa980,2097153,16259002,1820976319,4036876918290135,4036874401390661,4036874402215946,4036876919262427
33,"void read_kernel<double>(double*, double const*, double const*, double const*, unsigned long, bool) ",2,0,49,3822616,3822616,134218304,704,32768,0,8,0,16,64,0x0,0x7f50df9fa980,2097153,15477779,1733515618,4036876918398834,4036874402215946,4036874403039470,4036876920101019
34,"void read_kernel<double>(double*, double const*, double const*, double const*, unsigned long, bool) ",2,0,51,3822616,3822616,134218304,704,32768,0,8,0,16,64,0x0,0x7f50df9fa980,2097153,16030085,1795270373,4036876920122209,4036874403061230,4036874403878994,4036876921086920
35,"void read_kernel<double>(double*, double const*, double const*, double const*, unsigned long, bool) ",2,0,52,3822616,3822616,134218304,704,32768,0,8,0,16,64,0x0,0x7f50df9fa980,2097153,15521878,1738410753,4036876920233288,4036874403878994,4036874404703158,4036876921923252
36,"void read_kernel<double>(double*, double const*, double const*, double const*, unsigned long, bool) ",2,0,54,3822616,3822616,134218304,704,32768,0,8,0,16,64,0x0,0x7f50df9fa980,2097153,15947284,1786104734,4036876921949022,4036874404725398,4036874405538362,4036876922909863
37,"void read_kernel<double>(double*, double const*, double const*, double const*, unsigned long, bool) ",2,0,55,3822616,3822616,134218304,704,32768,0,8,0,16,64,0x0,0x7f50df9fa980,2097153,15458051,1731232027,4036876922057151,4036874405538362,4036874406357407,4036876923746446
38,"void read_kernel<double>(double*, double const*, double const*, double const*, unsigned long, bool) ",2,0,57,3822616,3822616,134218304,704,32768,0,8,0,16,64,0x0,0x7f50df9fa980,2097153,16128946,1806436523,4036876923767816,4036874406380447,4036874407195011,4036876924725547
39,"void read_kernel<double>(double*, double const*, double const*, double const*, unsigned long, bool) ",2,0,58,3822616,3822616,134218304,704,32768,0,8,0,16,64,0x0,0x7f50df9fa980,2097153,15756348,1764660906,4036876923869265,4036874407195011,4036874408017575,4036876925574999
40,"void read_kernel<double>(double*, double const*, double const*, double const*, unsigned long, bool) ",2,0,60,3822616,3822616,134218304,704,32768,0,8,0,16,64,0x0,0x7f50df9fa980,2097153,16196921,1813985612,4036876925595889,4036874408037415,4036874408863979,4036876926566890
41,"void read_kernel<double>(double*, double const*, double const*, double const*, unsigned long, bool) ",2,0,61,3822616,3822616,134218304,704,32768,0,8,0,16,64,0x0,0x7f50df9fa980,2097153,15720772,1760655554,4036876925703298,4036874408863979,4036874409694063,4036876927419962
42,"void scale_kernel<double>(double*, double const*, double const*, double const*, unsigned long, bool) ",2,0,63,3822616,3822616,134218304,704,32768,0,8,0,16,64,0x0,0x7f50df9fa9c0,4194306,43914206,4918221742,4036876927442152,4036874409717584,4036874411360952,4036876929228936
43,"void scale_kernel<double>(double*, double const*, double const*, double const*, unsigned long, bool) ",2,0,65,3822616,3822616,134218304,704,32768,0,8,0,16,64,0x0,0x7f50df9fa9c0,4194306,43514569,4873917992,4036876929254256,4036874411397112,4036874413039680,4036876931068249
44,"void scale_kernel<double>(double*, double const*, double const*, double const*, unsigned long, bool) ",2,0,66,3822616,3822616,134218304,704,32768,0,8,0,16,64,0x0,0x7f50df9fa9c0,4194306,43478921,4869484210,4036876929401904,4036874413039680,4036874414688009,4036876932742134
45,"void scale_kernel<double>(double*, double const*, double const*, double const*, unsigned long, bool) ",2,0,68,3822616,3822616,134218304,704,32768,0,8,0,16,64,0x0,0x7f50df9fa9c0,4194306,43761582,4901296382,4036876932767014,4036874414709289,4036874416359697,4036876934546488
46,"void scale_kernel<double>(double*, double const*, double const*, double const*, unsigned long, bool) ",2,0,69,3822616,3822616,134218304,704,32768,0,8,0,16,64,0x0,0x7f50df9fa9c0,4194306,43396171,4860311256,4036876932871783,4036874416359697,4036874418016186,4036876936221582
47,"void scale_kernel<double>(double*, double const*, double const*, double const*, unsigned long, bool) ",2,0,71,3822616,3822616,134218304,704,32768,0,8,0,16,64,0x0,0x7f50df9fa9c0,4194306,43709756,4895487194,4036876936241172,4036874418038426,4036874419691874,4036876938021706
48,"void scale_kernel<double>(double*, double const*, double const*, double const*, unsigned long, bool) ",2,0,72,3822616,3822616,134218304,704,32768,0,8,0,16,64,0x0,0x7f50df9fa9c0,4194306,43572994,4880277224,4036876936347511,4036874419691874,4036874421345642,4036876939694681
49,"void scale_kernel<double>(double*, double const*, double const*, double const*, unsigned long, bool) ",2,0,74,3822616,3822616,134218304,704,32768,0,8,0,16,64,0x0,0x7f50df9fa9c0,4194306,43604131,4883587630,4036876939716961,4036874421368362,4036874423012051,4036876941496925
50,"void scale_kernel<double>(double*, double const*, double const*, double const*, unsigned long, bool) ",2,0,75,3822616,3822616,134218304,704,32768,0,8,0,16,64,0x0,0x7f50df9fa9c0,4194306,43444378,4865899692,4036876939823800,4036874423012051,4036874424661499,4036876943168219
51,"void scale_kernel<double>(double*, double const*, double const*, double const*, unsigned long, bool) ",2,0,77,3822616,3822616,134218304,704,32768,0,8,0,16,64,0x0,0x7f50df9fa9c0,4194306,43544666,4876849116,4036876943190039,4036874424683259,4036874426334788,4036876944967513
52,"void scale_kernel<double>(double*, double const*, double const*, double const*, unsigned long, bool) ",2,0,78,3822616,3822616,134218304,704,32768,0,8,0,16,64,0x0,0x7f50df9fa9c0,4194306,43572827,4880231672,4036876943297478,4036874426334788,4036874427985836,4036876946640008
53,"void scale_kernel<double>(double*, double const*, double const*, double const*, unsigned long, bool) ",2,0,80,3822616,3822616,134218304,704,32768,0,8,0,16,64,0x0,0x7f50df9fa9c0,4194306,43486781,4870406696,4036876946662078,4036874428027116,4036874429672405,4036876948437751
54,"void scale_kernel<double>(double*, double const*, double const*, double const*, unsigned long, bool) ",2,0,81,3822616,3822616,134218304,704,32768,0,8,0,16,64,0x0,0x7f50df9fa9c0,4194306,43053808,4821999140,4036876946771757,4036874429672077,4036874431322163,4036876950105066
55,"void scale_kernel<double>(double*, double const*, double const*, double const*, unsigned long, bool) ",2,0,83,3822616,3822616,134218304,704,32768,0,8,0,16,64,0x0,0x7f50df9fa9c0,4194306,41503766,4648225686,4036876950120096,4036874431345683,4036874432990009,4036876951824571
56,"void scale_kernel<double>(double*, double const*, double const*, double const*, unsigned long, bool) ",2,0,84,3822616,3822616,134218304,704,32768,0,8,0,16,64,0x0,0x7f50df9fa9c0,4194306,43441509,4865315282,4036876950227625,4036874432990009,4036874434638175,4036876953497865
57,"void scale_kernel<double>(double*, double const*, double const*, double const*, unsigned long, bool) ",2,0,86,3822616,3822616,134218304,704,32768,0,8,0,16,64,0x0,0x7f50df9fa9c0,4194306,44038837,4932164570,4036876953522225,4036874434660575,4036874436307301,4036876955315729
58,"void scale_kernel<double>(double*, double const*, double const*, double const*, unsigned long, bool) ",2,0,87,3822616,3822616,134218304,704,32768,0,8,0,16,64,0x0,0x7f50df9fa9c0,4194306,43533153,4875562684,4036876953633144,4036874436307301,4036874437964268,4036876956988254
59,"void scale_kernel<double>(double*, double const*, double const*, double const*, unsigned long, bool) ",2,0,89,3822616,3822616,134218304,704,32768,0,8,0,16,64,0x0,0x7f50df9fa9c0,4194306,43779767,4903251176,4036876957012024,4036874437987308,4036874439646194,4036876958794648
60,"void scale_kernel<double>(double*, double const*, double const*, double const*, unsigned long, bool) ",2,0,90,3822616,3822616,134218304,704,32768,0,8,0,16,64,0x0,0x7f50df9fa9c0,4194306,43435402,4864647728,4036876957120263,4036874439646194,4036874441311640,4036876960468662
61,"void triad_kernel<double>(double*, double const*, double const*, double const*, unsigned long, bool) ",2,0,92,3822616,3822616,134218304,704,32768,0,8,0,16,64,0x0,0x7f50df9faa00,6291459,112357311,12584034788,4036876960494822,4036874441347961,4036874443974691,4036876963230887
62,"void triad_kernel<double>(double*, double const*, double const*, double const*, unsigned long, bool) ",2,0,94,3822616,3822616,134218304,704,32768,0,8,0,16,64,0x0,0x7f50df9faa00,6291459,113538214,12716201359,4036876963250047,4036874443997571,4036874446611821,4036876966011392
63,"void triad_kernel<double>(double*, double const*, double const*, double const*, unsigned long, bool) ",2,0,95,3822616,3822616,134218304,704,32768,0,8,0,16,64,0x0,0x7f50df9faa00,6291459,113107243,12667930783,4036876963376186,4036874446611821,4036874449236471,4036876968642868
64,"void triad_kernel<double>(double*, double const*, double const*, double const*, unsigned long, bool) ",2,0,97,3822616,3822616,134218304,704,32768,0,8,0,16,64,0x0,0x7f50df9faa00,6291459,113962992,12763709252,4036876968660408,4036874449259671,4036874451889601,4036876971406093
65,"void triad_kernel<double>(double*, double const*, double const*, double const*, unsigned long, bool) ",2,0,98,3822616,3822616,134218304,704,32768,0,8,0,16,64,0x0,0x7f50df9faa00,6291459,112162500,12562077384,4036876968771027,4036874451889601,4036874454516331,4036876974024029
66,"void triad_kernel<double>(double*, double const*, double const*, double const*, unsigned long, bool) ",2,0,100,3822616,3822616,134218304,704,32768,0,8,0,16,64,0x0,0x7f50df9faa00,6291459,113372354,12697666790,4036876974044189,4036874454538731,4036874457158581,4036876976779534
67,"void triad_kernel<double>(double*, double const*, double const*, double const*, unsigned long, bool) ",2,0,101,3822616,3822616,134218304,704,32768,0,8,0,16,64,0x0,0x7f50df9faa00,6291459,113923390,12759267609,4036876974154128,4036874457158581,4036874459795711,4036876979410700
68,"void triad_kernel<double>(double*, double const*, double const*, double const*, unsigned long, bool) ",2,0,103,3822616,3822616,134218304,704,32768,0,8,0,16,64,0x0,0x7f50df9faa00,6291459,113075008,12664245201,4036876979435710,4036874459817951,4036874462432201,4036876982159155
69,"void triad_kernel<double>(double*, double const*, double const*, double const*, unsigned long, bool) ",2,0,104,3822616,3822616,134218304,704,32768,0,8,0,16,64,0x0,0x7f50df9faa00,6291459,114101641,12779397884,4036876979543579,4036874462432201,4036874465055571,4036876984808281
70,"void triad_kernel<double>(double*, double const*, double const*, double const*, unsigned long, bool) ",2,0,106,3822616,3822616,134218304,704,32768,0,8,0,16,64,0x0,0x7f50df9faa00,6291459,115014295,12881681446,4036876984830741,4036874465079411,4036874467709021,4036876987592246
71,"void triad_kernel<double>(double*, double const*, double const*, double const*, unsigned long, bool) ",2,0,107,3822616,3822616,134218304,704,32768,0,8,0,16,64,0x0,0x7f50df9faa00,6291459,115275154,12910565821,4036876984936750,4036874467709021,4036874470344071,4036876990252342
72,"void triad_kernel<double>(double*, double const*, double const*, double const*, unsigned long, bool) ",2,0,109,3822616,3822616,134218304,704,32768,0,8,0,16,64,0x0,0x7f50df9faa00,6291459,115505331,12936839825,4036876990266002,4036874470367751,4036874473007281,4036876993039826
73,"void triad_kernel<double>(double*, double const*, double const*, double const*, unsigned long, bool) ",2,0,110,3822616,3822616,134218304,704,32768,0,8,0,16,64,0x0,0x7f50df9faa00,6291459,115304195,12913833697,4036876990381641,4036874473007281,4036874475639611,4036876995705162
74,"void triad_kernel<double>(double*, double const*, double const*, double const*, unsigned long, bool) ",2,0,112,3822616,3822616,134218304,704,32768,0,8,0,16,64,0x0,0x7f50df9faa00,6291459,115539888,12940232203,4036876995726782,4036874475663611,4036874478310501,4036876998500217
75,"void triad_kernel<double>(double*, double const*, double const*, double const*, unsigned long, bool) ",2,0,113,3822616,3822616,134218304,704,32768,0,8,0,16,64,0x0,0x7f50df9faa00,6291459,115946526,12985959469,4036876995844571,4036874478310501,4036874480949551,4036877001177003
76,"void triad_kernel<double>(double*, double const*, double const*, double const*, unsigned long, bool) ",2,0,115,3822616,3822616,134218304,704,32768,0,8,0,16,64,0x0,0x7f50df9faa00,6291459,115969110,12988408782,4036877001193072,4036874480972431,4036874483612441,4036877003974927
77,"void triad_kernel<double>(double*, double const*, double const*, double const*, unsigned long, bool) ",2,0,116,3822616,3822616,134218304,704,32768,0,8,0,16,64,0x0,0x7f50df9faa00,6291459,116155660,13009503149,4036877001309381,4036874483612441,4036874486265091,4036877006645413
78,"void triad_kernel<double>(double*, double const*, double const*, double const*, unsigned long, bool) ",2,0,118,3822616,3822616,134218304,704,32768,0,8,0,16,64,0x0,0x7f50df9faa00,6291459,116081008,13001186840,4036877006666983,4036874486289091,4036874488935981,4036877009447987
79,"void triad_kernel<double>(double*, double const*, double const*, double const*, unsigned long, bool) ",2,0,119,3822616,3822616,134218304,704,32768,0,8,0,16,64,0x0,0x7f50df9faa00,6291459,116056448,12998139595,4036877006782272,4036874488935981,4036874491583351,4036877012107063
80,"void stencil1d3pt_kernel<double>(double*, double const*, double const*, double const*, unsigned long, bool) ",2,0,121,3822616,3822616,134218304,704,32768,0,12,4,16,64,0x0,0x7f50df9faa40,6291459,78401801,8780844268,4036877012130733,4036874491622872,4036874493463359,4036877014116795
81,"void stencil1d3pt_kernel<double>(double*, double const*, double const*, double const*, unsigned long, bool) ",2,0,123,3822616,3822616,134218304,704,32768,0,12,4,16,64,0x0,0x7f50df9faa40,6291459,78228630,8761556935,4036877014131405,4036874493486105,4036874495324032,4036877016107327
82,"void stencil1d3pt_kernel<double>(double*, double const*, double const*, double const*, unsigned long, bool) ",2,0,124,3822616,3822616,134218304,704,32768,0,12,4,16,64,0x0,0x7f50df9faa40,6291459,78396064,8780252557,4036877014247444,4036874495324032,4036874497166279,4036877017970480
83,"void stencil1d3pt_kernel<double>(double*, double const*, double const*, double const*, unsigned long, bool) ",2,0,126,3822616,3822616,134218304,704,32768,0,12,4,16,64,0x0,0x7f50df9faa40,6291459,78555678,8798022549,4036877017995210,4036874497189319,4036874499028206,4036877019979942
84,"void stencil1d3pt_kernel<double>(double*, double const*, double const*, double const*, unsigned long, bool) ",2,0,127,3822616,3822616,134218304,704,32768,0,12,4,16,64,0x0,0x7f50df9faa40,6291459,78282009,8767540044,4036877018114759,4036874499028206,4036874500868693,4036877021844535
85,"void stencil1d3pt_kernel<double>(double*, double const*, double const*, double const*, unsigned long, bool) ",2,0,129,3822616,3822616,134218304,704,32768,0,12,4,16,64,0x0,0x7f50df9faa40,6291459,77952812,8730592677,4036877021870044,4036874500891253,4036874502728700,4036877023827447
86,"void stencil1d3pt_kernel<double>(double*, double const*, double const*, double const*, unsigned long, bool) ",2,0,130,3822616,3822616,134218304,704,32768,0,12,4,16,64,0x0,0x7f50df9faa40,6291459,78525823,8794732345,4036877021974304,4036874502728700,4036874504565027,4036877025697490
87,"void stencil1d3pt_kernel<double>(double*, double const*, double const*, double const*, unsigned long, bool) ",2,0,132,3822616,3822616,134218304,704,32768,0,12,4,16,64,0x0,0x7f50df9faa40,6291459,78502776,8792434948,4036877025718940,4036874504588067,4036874506422954,4036877027683102
88,"void stencil1d3pt_kernel<double>(double*, double const*, double const*, double const*, unsigned long, bool) ",2,0,133,3822616,3822616,134218304,704,32768,0,12,4,16,64,0x0,0x7f50df9faa40,6291459,78247232,8763634334,4036877025822779,4036874506422954,4036874508264242,4036877029547375
89,"void stencil1d3pt_kernel<double>(double*, double const*, double const*, double const*, unsigned long, bool) ",2,0,135,3822616,3822616,134218304,704,32768,0,12,4,16,64,0x0,0x7f50df9faa40,6291459,78189402,8757094287,4036877029567905,4036874508289522,4036874510130809,4036877031536697
90,"void stencil1d3pt_kernel<double>(double*, double const*, double const*, double const*, unsigned long, bool) ",2,0,136,3822616,3822616,134218304,704,32768,0,12,4,16,64,0x0,0x7f50df9faa40,6291459,78433755,8784533196,4036877029677624,4036874510130809,4036874511970336,4036877033407730
91,"void stencil1d3pt_kernel<double>(double*, double const*, double const*, double const*, unsigned long, bool) ",2,0,138,3822616,3822616,134218304,704,32768,0,12,4,16,64,0x0,0x7f50df9faa40,6291459,78261535,8765302077,4036877033422090,4036874511993376,4036874513828263,4036877035402902
92,"void stencil1d3pt_kernel<double>(double*, double const*, double const*, double const*, unsigned long, bool) ",2,0,139,3822616,3822616,134218304,704,32768,0,12,4,16,64,0x0,0x7f50df9faa40,6291459,78305546,8770112665,4036877033542189,4036874513828263,4036874515664270,4036877037266875
93,"void stencil1d3pt_kernel<double>(double*, double const*, double const*, double const*, unsigned long, bool) ",2,0,141,3822616,3822616,134218304,704,32768,0,12,4,16,64,0x0,0x7f50df9faa40,6291459,78348364,8774839964,4036877037286215,4036874515700910,4036874517533718,4036877039259937
94,"void stencil1d3pt_kernel<double>(double*, double const*, double const*, double const*, unsigned long, bool) ",2,0,142,3822616,3822616,134218304,704,32768,0,12,4,16,64,0x0,0x7f50df9faa40,6291459,78565524,8799050429,4036877037400983,4036874517533718,4036874519373725,4036877041126980
95,"void stencil1d3pt_kernel<double>(double*, double const*, double const*, double const*, unsigned long, bool) ",2,0,144,3822616,3822616,134218304,704,32768,0,12,4,16,64,0x0,0x7f50df9faa40,6291459,78459293,8787097037,4036877041150589,4036874519410205,4036874521249252,4036877043115142
96,"void stencil1d3pt_kernel<double>(double*, double const*, double const*, double const*, unsigned long, bool) ",2,0,145,3822616,3822616,134218304,704,32768,0,12,4,16,64,0x0,0x7f50df9faa40,6291459,78185701,8756842281,4036877041253548,4036874521249252,4036874523087499,4036877044976115
97,"void stencil1d3pt_kernel<double>(double*, double const*, double const*, double const*, unsigned long, bool) ",2,0,147,3822616,3822616,134218304,704,32768,0,12,4,16,64,0x0,0x7f50df9faa40,6291459,78459785,8787483526,4036877045003374,4036874523110059,4036874524947186,4036877046979187
98,"void stencil1d3pt_kernel<double>(double*, double const*, double const*, double const*, unsigned long, bool) ",2,0,148,3822616,3822616,134218304,704,32768,0,12,4,16,64,0x0,0x7f50df9faa40,6291459,78188432,8756936329,4036877045115993,4036874524947186,4036874526780153,4036877048837860
99,"void stencil1d5pt_kernel<double>(double*, double const*, double const*, double const*, unsigned long, bool) ",2,0,150,3822616,3822616,134218304,704,32768,0,20,4,16,64,0x0,0x7f50df9faa80,10485760,110332958,12357139499,4036877048863110,4036874526818714,4036874529006082,4036877051182078
100,"void stencil1d5pt_kernel<double>(double*, double const*, double const*, double const*, unsigned long, bool) ",2,0,152,3822616,3822616,134218304,704,32768,0,20,4,16,64,0x0,0x7f50df9faa80,10485760,110285219,12351917514,4036877051204348,4036874529028322,4036874531218891,4036877053534257
101,"void stencil1d5pt_kernel<double>(double*, double const*, double const*, double const*, unsigned long, bool) ",2,0,153,3822616,3822616,134218304,704,32768,0,20,4,16,64,0x0,0x7f50df9faa80,10485760,110305203,12354023793,4036877051315027,4036874531218891,4036874533409939,4036877055749457
102,"void stencil1d5pt_kernel<double>(double*, double const*, double const*, double const*, unsigned long, bool) ",2,0,155,3822616,3822616,134218304,704,32768,0,20,4,16,64,0x0,0x7f50df9faa80,10485760,110233720,12345907158,4036877055770617,4036874533431859,4036874535618268,4036877058094196
103,"void stencil1d5pt_kernel<double>(double*, double const*, double const*, double const*, unsigned long, bool) ",2,0,156,3822616,3822616,134218304,704,32768,0,20,4,16,64,0x0,0x7f50df9faa80,10485760,110401964,12364659732,4036877055880766,4036874535618268,4036874537804356,4036877060313735
104,"void stencil1d5pt_kernel<double>(double*, double const*, double const*, double const*, unsigned long, bool) ",2,0,158,3822616,3822616,134218304,704,32768,0,20,4,16,64,0x0,0x7f50df9faa80,10485760,110281817,12351714336,4036877060336565,4036874537829476,4036874540018285,4036877062660984
105,"void stencil1d5pt_kernel<double>(double*, double const*, double const*, double const*, unsigned long, bool) ",2,0,159,3822616,3822616,134218304,704,32768,0,20,4,16,64,0x0,0x7f50df9faa80,10485760,110024904,12322651038,4036877060443174,4036874540018285,4036874542208693,4036877064870914
106,"void stencil1d5pt_kernel<double>(double*, double const*, double const*, double const*, unsigned long, bool) ",2,0,161,3822616,3822616,134218304,704,32768,0,20,4,16,64,0x0,0x7f50df9faa80,10485760,110173113,12339376962,4036877064896304,4036874542231413,4036874544419262,4036877067216513
107,"void stencil1d5pt_kernel<double>(double*, double const*, double const*, double const*, unsigned long, bool) ",2,0,162,3822616,3822616,134218304,704,32768,0,20,4,16,64,0x0,0x7f50df9faa80,10485760,110477146,12373465048,4036877065006203,4036874544419262,4036874546610630,4036877069433273
108,"void stencil1d5pt_kernel<double>(double*, double const*, double const*, double const*, unsigned long, bool) ",2,0,164,3822616,3822616,134218304,704,32768,0,20,4,16,64,0x0,0x7f50df9faa80,10485760,110280193,12351284675,4036877069458672,4036874546633191,4036874548826159,4036877071778641
109,"void stencil1d5pt_kernel<double>(double*, double const*, double const*, double const*, unsigned long, bool) ",2,0,165,3822616,3822616,134218304,704,32768,0,20,4,16,64,0x0,0x7f50df9faa80,10485760,110360048,12360017457,4036877069562882,4036874548826159,4036874551018488,4036877073998321
110,"void stencil1d5pt_kernel<double>(double*, double const*, double const*, double const*, unsigned long, bool) ",2,0,167,3822616,3822616,134218304,704,32768,0,20,4,16,64,0x0,0x7f50df9faa80,10485760,110370294,12361249305,4036877074020641,4036874551041368,4036874553228736,4036877076351600
111,"void stencil1d5pt_kernel<double>(double*, double const*, double const*, double const*, unsigned long, bool) ",2,0,168,3822616,3822616,134218304,704,32768,0,20,4,16,64,0x0,0x7f50df9faa80,10485760,110143360,12335851524,4036877074132400,4036874553228736,4036874555419305,4036877078571200
112,"void stencil1d5pt_kernel<double>(double*, double const*, double const*, double const*, unsigned long, bool) ",2,0,170,3822616,3822616,134218304,704,32768,0,20,4,16,64,0x0,0x7f50df9faa80,10485760,110496381,12375420477,4036877078586500,4036874555449545,4036874557639473,4036877080924368
113,"void stencil1d5pt_kernel<double>(double*, double const*, double const*, double const*, unsigned long, bool) ",2,0,171,3822616,3822616,134218304,704,32768,0,20,4,16,64,0x0,0x7f50df9faa80,10485760,110294685,12353049906,4036877078706218,4036874557639667,4036874559833116,4036877083142438
114,"void stencil1d5pt_kernel<double>(double*, double const*, double const*, double const*, unsigned long, bool) ",2,0,173,3822616,3822616,134218304,704,32768,0,20,4,16,64,0x0,0x7f50df9faa80,10485760,110279389,12350953017,4036877083165748,4036874559855996,4036874562045925,4036877085491547
115,"void stencil1d5pt_kernel<double>(double*, double const*, double const*, double const*, unsigned long, bool) ",2,0,174,3822616,3822616,134218304,704,32768,0,20,4,16,64,0x0,0x7f50df9faa80,10485760,110302979,12353765510,4036877083274317,4036874562045925,4036874564234735,4036877087706517
116,"void stencil1d5pt_kernel<double>(double*, double const*, double const*, double const*, unsigned long, bool) ",2,0,176,3822616,3822616,134218304,704,32768,0,20,4,16,64,0x0,0x7f50df9faa80,10485760,110321910,12356024586,4036877087732096,4036874564257775,4036874566446264,4036877090054055
117,"void stencil1d5pt_kernel<double>(double*, double const*, double const*, double const*, unsigned long, bool) ",2,0,177,3822616,3822616,134218304,704,32768,0,20,4,16,64,0x0,0x7f50df9faa80,10485760,110475515,12373326541,4036877087836596,4036874566446264,4036874568631554,4036877092269695
