,initKernel(double *_ unsigned long),void sumKernel<(int)32_ (int)1024>(double *_ const double *_ int)
derived__avg_thread_executed,"32.0,32.0,32.0,32.0,32.0,32.0,32.0","32.0,32.0,32.0,32.0,32.0,32.0,32.0"
derived__avg_thread_executed_true,"31.0,31.0,31.0,31.0,31.0,31.0,31.0","31.0,31.0,31.0,31.0,31.0,31.0,31.0"
derived__sm__sass_thread_inst_executed_op_dfma_pred_on_x2,"3648.0,3648.0,3648.0,3648.0,3648.0,3648.0,3648.0","3648.0,3648.0,3648.0,3648.0,3648.0,3648.0,3648.0"
derived__sm__sass_thread_inst_executed_op_ffma_pred_on_x2,"29184.0,29184.0,29184.0,29184.0,29184.0,29184.0,29184.0","29184.0,29184.0,29184.0,29184.0,29184.0,29184.0,29184.0"
derived__smsp__inst_executed_op_branch_pct,"0.0840381812865497,0.08403740350877192,0.08403629824561404,0.08403776023391812,0.0840359298245614,0.08403667251461988,0.08403702923976608","0.007692,0.007692,0.007692,0.007692,0.007692,0.007692,0.007692"
dram__bytes.sum.peak_sustained,"1.28,1.28,1.28,1.28,1.28,1.28,1.28","1.28,1.28,1.28,1.28,1.28,1.28,1.28"
dram__bytes.sum.per_second,"0.7975846549707603,0.7983782807017543,0.8028029415204678,0.795717269005848,0.7968695263157894,0.8019696023391812,0.7972748538011696","1.0596708837209303,1.0602652209302326,1.0595652209302324,1.0592618720930231,1.0594836511627908,1.0595517209302325,1.0594000000000001"
dram__bytes_read.sum,"8.491228070175439e-06,8.309941520467836e-06,6.263157894736841e-06,1.474269005847953e-05,6.140350877192982e-06,6.8538011695906435e-06,8.976608187134503e-06","13.373310767441861,13.387402616279068,13.373557058139536,13.372921918604652,13.372422720930233,13.372953848837211,13.371831406976746"
dram__bytes_read.sum.pct_of_peak_sustained_elapsed,"0.0023923216374269005,0.004442766081871345,0.0030285555555555556,0.002697046783625731,0.0024661637426900583,0.00243759649122807,0.002664543859649123","51.968795313953486,51.995661383720936,51.969699290697676,51.95625336046511,51.9626071627907,51.96285730232558,51.960763406976746"
dram__bytes_read.sum.per_second,"5.1824561403508775e-05,9.377777777777776e-05,6.233918128654971e-05,5.7456140350877194e-05,5.3783625730994156e-05,5.2175438596491226e-05,5.709356725146199e-05","1.0596156860465116,1.0601877906976744,1.059474139534884,1.0591803953488372,1.059432418604651,1.0594793720930231,1.0593314069767443"
dram__bytes_write.sum,"0.30513662573099415,0.3051680701754386,0.30546806432748536,0.3052074561403509,0.3051168187134503,0.30531936257309944,0.30512430994152046","0.0005785581395348837,0.0008245232558139535,0.0009224767441860465,0.0009193372093023255,0.000547406976744186,0.000791232558139535,0.0007760116279069768"
dram__bytes_write.sum.pct_of_peak_sustained_elapsed,"38.88213129239766,38.948511549707604,39.24617276608188,38.858620374269,38.870647210526315,39.15575316959064,38.88288306432748","0.002707639534883721,0.0037918488372093028,0.004467383720930232,0.003996139534883721,0.0025154186046511626,0.0035491627906976742,0.003364174418604651"
dram__bytes_write.sum.per_second,"0.7975328011695906,0.7982844678362573,0.8027406198830409,0.7956597660818713,0.7968157660818713,0.8019174736842106,0.797217754385965","5.5232558139534884e-05,7.730232558139535e-05,9.109302325581396e-05,8.148837209302327e-05,5.134883720930232e-05,7.234883720930232e-05,6.855813953488372e-05"
dram__cycles_active.avg.pct_of_peak_sustained_elapsed,"38.884523573099415,38.95295432748538,39.24920131578948,38.86131743859649,38.87311338596491,39.158190783625734,38.88554761403509","51.971502953488375,51.999453255813954,51.974166709302324,51.96024953488372,51.965122558139534,51.966406488372094,51.964127627906976"
dram__cycles_elapsed.avg.per_second,"1.7096989532163742,1.7277149122807018,1.6156206023391813,1.7380729239766082,1.7524434678362573,1.7244451228070174,1.7333963391812865","1.5930483139534883,1.5927898604651163,1.592545593023256,1.5928913372093023,1.5931888139534884,1.5932178837209303,1.592790081395349"
dram__sectors_read.sum,"267.7426900584795,261.6140350877193,198.12865497076024,462.12865497076024,194.3859649122807,216.6549707602339,282.94736842105266","417915962.6976744,418356330.5116279,417923657.6744186,417903810.60465115,417888210.23255813,417904807.627907,417869732.6511628"
dram__sectors_write.sum,"9535520.046783626,9536502.409356724,9545877.707602339,9537732.023391813,9534900.023391813,9541230.222222222,9535133.988304093","18080.0,25766.418604651164,28827.81395348837,28730.325581395347,17107.06976744186,24726.13953488372,24250.883720930233"
fbpa__dram_sectors.avg.pct_of_peak_sustained_elapsed,"28.46496909356725,28.506494859649123,28.734727590643278,28.44318683040936,28.447694239766083,28.673607339181284,28.452408918128654","37.813732569767446,37.830969174418605,37.81466755813953,37.81644122093023,37.8068361744186,37.80879594186047,37.80587330232558"
gpc__cycles_elapsed.avg.per_second,"1.1683346783625732,1.179744029239766,1.1038379005847954,1.1872991871345029,1.197791134502924,1.1775443567251462,1.183814187134503","1.0910373023255813,1.0915150116279069,1.0912973720930232,1.0910395697674418,1.0906792906976743,1.090776058139535,1.091026441860465"
gpc__cycles_elapsed.max,"199717.74269005848,199825.76023391812,199273.95321637427,199465.18713450292,199709.45614035087,199726.85380116958,199834.25730994152","9827126.313953489,9833846.674418604,9830864.639534883,9829182.511627907,9828526.372093024,9828060.197674418,9826792.244186046"
gpu__compute_memory_access_throughput.avg.pct_of_peak_sustained_elapsed,"28.15432381871345,28.035341935672513,28.956665637426898,28.021291391812863,27.94344276023392,28.10373916374269,27.971726795321636","56.7080846627907,56.717924593023255,56.70762684883721,56.70689396511628,56.676349046511625,56.65401474418604,56.67819122093024"
gpu__compute_memory_request_throughput.avg.pct_of_peak_sustained_elapsed,"55.07996083625731,54.9025766374269,56.365349584795325,54.919163163742695,54.780564228070176,55.0100780760234,54.84225967251462","92.06034896511628,92.07361596511628,92.0498275,92.05145882558139,92.07753405813953,92.05590841860466,92.07181441860466"
gpu__compute_memory_throughput.avg.pct_of_peak_sustained_elapsed,"55.10050321637427,54.92355324561404,56.3926698128655,54.93357121052631,54.80232960233918,55.031364456140345,54.86141367251462","92.06034896511628,92.07361596511628,92.0498275,92.05145882558139,92.07753405813953,92.05590841860466,92.07181441860466"
gpu__dram_throughput.avg.pct_of_peak_sustained_elapsed,"38.884523573099415,38.95295432748538,39.24920131578948,38.86131743859649,38.87311338596491,39.158190783625734,38.88554761403509","51.971502953488375,51.999453255813954,51.974166709302324,51.96024953488372,51.965122558139534,51.966406488372094,51.964127627906976"
gpu__time_duration.sum,"0.1818537543859649,0.18195536842105262,0.181890432748538,0.181895298245614,0.18153730994152048,0.18183223391812867,0.1819402105263158","8.980879255813955,8.986612465116279,8.985668837209301,8.98292911627907,8.982100465116279,8.981822139534883,8.981042976744186"
inst_executed,"15120752.280701755,15120848.280701755,15120992.280701755,15120800.280701755,15121040.280701755,15120944.280701755,15120896.280701755","416000000.0,416000000.0,416000000.0,416000000.0,416000000.0,416000000.0,416000000.0"
l1tex__data_bank_reads.avg.pct_of_peak_sustained_elapsed,"4.087694192982457,4.078843315789474,4.1709446725146195,4.079677520467836,4.068182596491228,4.082873228070175,4.075090216374269","11.822271395348837,11.804082895348836,11.796377906976744,11.821745046511628,11.81693773255814,11.807453372093022,11.817428139534883"
l1tex__data_bank_writes.avg.pct_of_peak_sustained_elapsed,"4.087694192982457,4.078843315789474,4.1709446725146195,4.079677520467836,4.068182596491228,4.082873228070175,4.075090216374269","11.415752,11.41551361627907,11.425448104651162,11.413862674418604,11.42673365116279,11.446503162790698,11.445461209302325"
l1tex__data_pipe_lsu_wavefronts.avg.pct_of_peak_sustained_elapsed,"8.195607116959064,8.177551654970761,8.364481789473684,8.178877204678363,8.155570631578946,8.185589169590644,8.16961370760234","24.216295627906977,24.17749588372093,24.163029732558137,24.215181255813953,24.204098627906976,24.18576370930233,24.20607106976744"
l1tex__data_pipe_lsu_wavefronts_mem_shared.sum,"416.0,416.0,416.0,416.0,416.0,416.0,416.0","3200000.0,3200000.0,3200000.0,3200000.0,3200000.0,3200000.0,3200000.0"
l1tex__data_pipe_lsu_wavefronts_mem_shared.sum.pct_of_peak_sustained_elapsed,"0.020218695906432747,0.01986504678362573,0.022592538011695907,0.01952216374269006,0.019205508771929825,0.01984269590643275,0.01943332748538012","0.36944597674418606,0.36887756976744185,0.3686368372093023,0.36942952325581396,0.36927932558139537,0.3689829302325581,0.3692945813953488"
l1tex__lsu_writeback_active.avg.pct_of_peak_sustained_elapsed,"0.020218695906432747,0.01986504678362573,0.022592538011695907,0.01952216374269006,0.019205508771929825,0.01984269590643275,0.01943332748538012","24.01401537209302,23.977053441860466,23.961404523255815,24.012932058139537,24.00316277906977,23.983907162790697,24.004165453488373"
l1tex__lsu_writeback_active_mem_lgds.sum,"416.0,416.0,416.0,416.0,416.0,416.0,416.0","208000115.12790698,208000029.62790698,208000083.44186047,208000066.94186047,208000049.11627907,208000068.3255814,208000059.59302327"
l1tex__lsu_writeback_active_mem_lgds.sum.pct_of_peak_sustained_elapsed,"0.020218695906432747,0.01986504678362573,0.022592538011695907,0.01952216374269006,0.019205508771929825,0.01984269590643275,0.01943332748538012","24.01402265116279,23.977049767441862,23.96141034883721,24.012936441860464,24.00316631395349,23.983906174418603,24.00416519767442"
l1tex__lsuin_requests.avg.pct_of_peak_sustained_elapsed,"4.107912859649122,4.098708321637427,4.193537116959064,4.099199643274853,4.087388064327485,4.102715906432749,4.09452349122807","12.191717290697675,12.17296046511628,12.165014686046511,12.191174627906976,12.186216988372092,12.176436290697673,12.18672276744186"
l1tex__m_l1tex2xbar_req_cycles_active.avg.pct_of_peak_sustained_elapsed,"32.71263498830409,32.64163428070175,33.37993960818713,32.64811978947368,32.555986789473685,32.673861263157896,32.61137266666667","11.42415861627907,11.417348848837209,11.43101323255814,11.416618872093023,11.429863872093023,11.451498511627907,11.448549360465115"
l1tex__m_l1tex2xbar_write_bytes.sum,"0.32243405847953216,0.32243609356725145,0.32243915204678364,0.3224350584795322,0.32244018713450295,0.3224381286549708,0.32243712865497076","0.0,0.0,0.0,0.0,0.0,0.0,0.0"
l1tex__m_l1tex2xbar_write_bytes.sum.pct_of_peak_sustained_elapsed,"32.70155358479532,32.63074671929825,33.36755720467836,32.6374201754386,32.54546071929824,32.66298594736842,32.600721678362575","0.0,0.0,0.0,0.0,0.0,0.0,0.0"
l1tex__m_l1tex2xbar_write_bytes.sum.per_second,"1.333750023391813,1.3298987251461987,1.334641216374269,1.3338052222222223,1.334779812865497,1.3335390701754386,1.3332829239766082","0.0,0.0,0.0,0.0,0.0,0.0,0.0"
l1tex__m_l1tex2xbar_write_sectors_mem_lg_op_st.sum,"10076064.187134502,10076128.187134502,10076224.187134502,10076096.187134502,10076256.187134502,10076192.187134502,10076160.187134502","0.0,0.0,0.0,0.0,0.0,0.0,0.0"
l1tex__m_l1tex2xbar_write_sectors_mem_lg_op_st.sum.pct_of_peak_sustained_elapsed,"32.70155358479532,32.63074671929825,33.36755720467836,32.6374201754386,32.54546071929824,32.66298594736842,32.600721678362575","0.0,0.0,0.0,0.0,0.0,0.0,0.0"
l1tex__m_xbar2l1tex_read_bytes.sum,"0.0,0.0,0.0,0.0,0.0,0.0,0.0","25.76442639534884,25.775039802325583,25.786805720930236,25.7640726627907,25.77459937209302,25.793767534883724,25.787794697674418"
l1tex__m_xbar2l1tex_read_bytes.sum.pct_of_peak_sustained_elapsed,"0.0,0.0,0.0,0.0,0.0,0.0,0.0","22.83056688372093,22.831156790697673,22.850892720930233,22.82729591860465,22.854005220930233,22.89488762790698,22.890840511627907"
l1tex__m_xbar2l1tex_read_bytes.sum.per_second,"0.0,0.0,0.0,0.0,0.0,0.0,0.0","3.634470813953488,3.6360424069767436,3.6374118372093025,3.634303802325581,3.6363120232558135,3.644756593023256,3.644220069767442"
l1tex__m_xbar2l1tex_read_sectors.avg.pct_of_peak_sustained_elapsed,"0.0,0.0,0.0,0.0,0.0,0.0,0.0","22.83056688372093,22.831156790697673,22.850892720930233,22.82729591860465,22.854005220930233,22.89488762790698,22.890840511627907"
l1tex__m_xbar2l1tex_read_sectors_mem_lg_op_ld.sum,"0.0,0.0,0.0,0.0,0.0,0.0,0.0","805129026.2325581,805481629.7209302,805839441.2093023,805142714.6511627,805469139.1162791,806058143.255814,805850120.9302325"
l1tex__m_xbar2l1tex_read_sectors_mem_lg_op_ld.sum.pct_of_peak_sustained_elapsed,"0.0,0.0,0.0,0.0,0.0,0.0,0.0","22.830494569767442,22.8316205,22.850863302325582,22.82777208139535,22.854619941860467,22.894203151162788,22.889920697674416"
l1tex__t_output_wavefronts_pipe_lsu_mem_global_op_ld.sum,"0.0,0.0,0.0,0.0,0.0,0.0,0.0","102404377.96511628,102403906.36046511,102403499.15116279,102403226.08139534,102403777.39534883,102403202.37209302,102404224.19767442"
l1tex__t_output_wavefronts_pipe_lsu_mem_global_op_ld.sum.pct_of_peak_sustained_elapsed,"0.0,0.0,0.0,0.0,0.0,0.0,0.0","11.823258046511627,11.804872279069768,11.797091802325582,11.822400662790697,11.817677279069768,11.808120360465116,11.818337127906977"
l1tex__t_output_wavefronts_pipe_lsu_mem_global_op_st.sum,"1259508.0233918128,1259516.0233918128,1259528.0233918128,1259512.0233918128,1259532.0233918128,1259524.0233918128,1259520.0233918128","0.0,0.0,0.0,0.0,0.0,0.0,0.0"
l1tex__t_output_wavefronts_pipe_lsu_mem_global_op_st.sum.pct_of_peak_sustained_elapsed,"4.087694192982457,4.078843315789474,4.1709446725146195,4.079677520467836,4.068182596491228,4.082873228070175,4.075090216374269","0.0,0.0,0.0,0.0,0.0,0.0,0.0"
l1tex__t_requests_pipe_lsu_mem_global_op_ld.sum,"0.0,0.0,0.0,0.0,0.0,0.0,0.0","102400000.0,102400000.0,102400000.0,102400000.0,102400000.0,102400000.0,102400000.0"
l1tex__t_requests_pipe_lsu_mem_global_op_ld.sum.pct_of_peak_sustained_elapsed,"0.0,0.0,0.0,0.0,0.0,0.0,0.0","11.822271395348837,11.804082895348836,11.796377906976744,11.821745046511628,11.81693773255814,11.807453372093022,11.817428139534883"
l1tex__t_requests_pipe_lsu_mem_global_op_st.sum,"1259508.0233918128,1259516.0233918128,1259528.0233918128,1259512.0233918128,1259532.0233918128,1259524.0233918128,1259520.0233918128","0.0,0.0,0.0,0.0,0.0,0.0,0.0"
l1tex__t_requests_pipe_lsu_mem_global_op_st.sum.pct_of_peak_sustained_elapsed,"4.087694192982457,4.078843315789474,4.1709446725146195,4.079677520467836,4.068182596491228,4.082873228070175,4.075090216374269","0.0,0.0,0.0,0.0,0.0,0.0,0.0"
l1tex__t_sector_hit_rate.pct,"0.0,0.0,0.0,0.0,0.0,0.0,0.0","1.7178206627906976,1.674608988372093,1.626630546511628,1.721109569767442,1.6775667558139533,1.602418453488372,1.627968046511628"
l1tex__t_sector_pipe_lsu_mem_global_op_ld_hit_rate.pct,"0.0,0.0,0.0,0.0,0.0,0.0,0.0","1.718271651162791,1.677772976744186,1.6327681976744188,1.7205356395348839,1.677493441860465,1.6065002093023255,1.629493046511628"
l1tex__t_sectors_pipe_lsu_mem_global_op_ld.sum,"0.0,0.0,0.0,0.0,0.0,0.0,0.0","819214002.0,819237175.2093023,819192382.0930233,819196533.5813954,819189943.4418604,819259305.8604652,819153990.4651163"
l1tex__t_sectors_pipe_lsu_mem_global_op_ld_lookup_hit.sum,"0.0,0.0,0.0,0.0,0.0,0.0,0.0","14077267.34883721,13745965.302325582,13372692.837209303,14093128.372093024,13742175.767441861,13169135.674418604,13347171.488372093"
l1tex__t_sectors_pipe_lsu_mem_global_op_ld_lookup_miss.sum,"0.0,0.0,0.0,0.0,0.0,0.0,0.0","805136734.6511627,805491209.9069767,805819689.255814,805103405.2093023,805447767.6744186,806090170.1860465,805806818.9767442"
l1tex__t_sectors_pipe_lsu_mem_global_op_st.sum,"10076064.187134502,10076128.187134502,10076224.187134502,10076096.187134502,10076256.187134502,10076192.187134502,10076160.187134502","0.0,0.0,0.0,0.0,0.0,0.0,0.0"
l1tex__t_sectors_pipe_lsu_mem_global_op_st_lookup_miss.sum,"10076064.187134502,10076128.187134502,10076224.187134502,10076096.187134502,10076256.187134502,10076192.187134502,10076160.187134502","0.0,0.0,0.0,0.0,0.0,0.0,0.0"
l1tex__texin_sm2tex_req_cycles_active.avg.pct_of_peak_sustained_elapsed,"0.03878488888888889,0.03810648538011696,0.04333847368421053,0.0374487134502924,0.03684132748538012,0.03806364912280702,0.0372783567251462","9.21860465116279e-05,9.206976744186046e-05,9.202325581395347e-05,9.222093023255815e-05,9.216279069767443e-05,9.205813953488372e-05,9.21860465116279e-05"
l1tex__throughput.avg.pct_of_peak_sustained_active,"91.30021396491229,91.28036971345028,91.1102940760234,91.3167440233918,91.3277974502924,91.36018256725146,91.38784604093567","24.236471744186044,24.224369337209303,24.212011860465118,24.26346904651163,24.224288953488372,24.22315018604651,24.23691554651163"
launch__cluster_max_potential_size,"8.0,8.0,8.0,8.0,8.0,8.0,8.0","8.0,8.0,8.0,8.0,8.0,8.0,8.0"
launch__registers_per_thread,"16.0,16.0,16.0,16.0,16.0,16.0,16.0","32.0,32.0,32.0,32.0,32.0,32.0,32.0"
launch__registers_per_thread_allocated,"4096.0,4096.0,4096.0,4096.0,4096.0,4096.0,4096.0","32768.0,32768.0,32768.0,32768.0,32768.0,32768.0,32768.0"
lts__d_sectors.avg.pct_of_peak_sustained_elapsed,"24.68396719883041,24.626599274853803,25.129206900584798,24.632706631578948,24.593615064327487,24.71453707017544,24.606600374269007","49.91507709302326,49.89388568604651,49.88969103488372,49.91670424418604,49.911299581395355,49.91248236046511,49.90604968604651"
lts__d_sectors_fill_device.avg.pct_of_peak_sustained_elapsed,"0.0016950701754385967,0.0033673391812865496,0.004628783625730995,0.002013923976608187,0.0017941461988304093,0.0016718830409356725,0.001426824561403509","37.80781515116279,37.8314059883721,37.81231680232558,37.81560656976744,37.80413626744186,37.80150609302326,37.80408597674418"
lts__d_sectors_fill_sysmem.avg.pct_of_peak_sustained_elapsed,"0.000328187134502924,0.00032017543859649123,0.000418953216374269,0.00035403508771929824,0.00033162573099415203,0.00033142105263157893,0.00031075438596491227","0.0002531046511627907,0.0002776860465116279,0.00028336046511627907,0.0002644418604651163,0.000256,0.00025267441860465115,0.00023531395348837212"
lts__lts2xbar_cycles_active.avg.pct_of_peak_sustained_elapsed,"0.667613432748538,0.6578177485380117,0.7567144678362574,0.6454599298245615,0.6337626140350877,0.6543234035087719,0.6407079941520467","60.74221429069767,60.72095581395349,60.73470552325582,60.74099225581395,60.757873255813955,60.737593244186044,60.75165262790697"
lts__t_requests.sum,"5012456.245614035,5011039.0994152045,5013116.233918129,5013609.239766082,5013478.584795321,5012874.046783626,5011877.444444444","302133068.8488372,302178541.7093023,302269398.372093,302153780.6627907,302199606.59302324,302193969.9186047,302148395.96511626"
lts__t_requests_srcunit_ltcfabric.sum,"2472804.5380116957,2472159.6140350876,2475380.1988304094,2472877.789473684,2474098.0,2473301.415204678,2472560.8771929825","106621880.11627907,106722243.52325581,106709164.95348836,106683038.48837209,106663566.38372093,106647265.39534883,106653322.69767442"
lts__t_requests_srcunit_tex.sum,"2519016.0467836256,2519032.0467836256,2519056.0467836256,2519024.0467836256,2519064.0467836256,2519048.0467836256,2519040.0467836256","194711366.76744187,194731186.1627907,194749445.8255814,194721225.8139535,194732475.5,194740454.87209302,194730993.89534885"
lts__t_requests_srcunit_tex_op_read.sum,"0.0,0.0,0.0,0.0,0.0,0.0,0.0","194700822.1860465,194713869.5,194766315.20930234,194704187.90697673,194764105.25581396,194760904.29069766,194724190.56976745"
lts__t_requests_srcunit_tex_op_write.sum,"2519016.0467836256,2519032.0467836256,2519056.0467836256,2519024.0467836256,2519064.0467836256,2519048.0467836256,2519040.0467836256","0.0,0.0,0.0,0.0,0.0,0.0,0.0"
lts__t_sector_hit_rate.pct,"100.01969970175439,100.05329622222223,100.00882115789474,99.93613455555555,100.03544144444444,100.03710504093567,99.99591769590643","48.31364501162791,48.21679381395349,48.23779909302325,48.31206651162791,48.33116512790698,48.33467989534884,48.32988919767442"
lts__t_sectors.avg.pct_of_peak_sustained_elapsed,"24.62591230409357,24.524604538011697,25.254764701754386,24.556543333333334,24.47085895321637,24.575554333333336,24.503429181286553","47.3353376627907,47.37145161627907,47.37722274418604,47.33575060465117,47.3329823255814,47.32525188372093,47.328504511627905"
lts__t_sectors.avg.peak_sustained,"3.0,3.0,3.0,3.0,3.0,3.0,3.0","3.0,3.0,3.0,3.0,3.0,3.0,3.0"
lts__t_sectors.avg.per_cycle_elapsed,"0.7387773450292398,0.7357381228070176,0.7576429356725146,0.7366963216374269,0.7341257777777778,0.7372666374269006,0.735102888888889","1.4200600930232559,1.421143546511628,1.4213166860465116,1.4200725,1.4199895116279069,1.4197575465116279,1.4198551046511627"
lts__t_sectors.sum,"15177214.50877193,15177196.140350876,15181766.228070175,15213890.426900584,15182763.520467836,15178242.426900584,15180685.812865498","998774029.5348837,999674753.8488373,999788080.8372093,998829866.2093023,998873030.3255814,998960041.8953488,998760862.4069767"
lts__t_sectors.sum.per_second,"66.02796139766082,65.78045092397662,66.09430292397661,66.09631857309942,66.1128833508772,66.0244464502924,65.99880240935673","124.30532196511628,124.39273109302326,124.36741739534882,124.28882004651163,124.28414486046512,124.30691803488372,124.29056012790699"
lts__t_sectors_aperture_device_lookup_miss.sum,"238.76023391812865,228.53216374269005,243.7017543859649,401.3333333333333,257.3801169590643,236.4561403508772,199.03508771929825","633899371.9883721,634440441.5,633952723.8023256,633938822.2674419,634004824.2906977,633931265.5813954,633907082.6046512"
lts__t_sectors_aperture_sysmem_lookup_miss.sum,"1.1111111111111112,1.1403508771929824,3.1637426900584797,28.666666666666668,1.087719298245614,1.105263157894737,1.0994152046783625","2.3255813953488373,213.1860465116279,363.4186046511628,101.33720930232558,2.4069767441860463,2.5232558139534884,2.372093023255814"
lts__t_sectors_data_ecc.avg.pct_of_peak_sustained_elapsed,"3.3935672514619886e-05,2.9333333333333333e-05,3.7456140350877196e-05,2.8251461988304096e-05,2.588888888888889e-05,2.495906432748538e-05,2.4228070175438596e-05","7.441860465116279e-07,1.1627906976744186e-06,1.0104651162790697e-05,4.930232558139535e-06,7.441860465116279e-07,7.209302325581396e-07,8.13953488372093e-07"
lts__t_sectors_data_ecc.avg.peak_sustained,"8.0,8.0,8.0,8.0,8.0,8.0,8.0","8.0,8.0,8.0,8.0,8.0,8.0,8.0"
lts__t_sectors_data_ecc.avg.per_cycle_elapsed,"2.730994152046784e-06,2.3391812865497075e-06,2.9941520467836257e-06,2.257309941520468e-06,2.0409356725146196e-06,1.9941520467836256e-06,1.953216374269006e-06","0.0,3.4883720930232553e-08,7.906976744186047e-07,3.604651162790698e-07,0.0,0.0,0.0"
lts__t_sectors_data_ecc.sum,"19.94736842105263,20.43859649122807,24.339181286549707,43.72514619883041,19.555555555555557,18.5906432748538,18.719298245614034","46.372093023255815,66.02325581395348,771.1046511627907,434.3488372093023,50.825581395348834,47.848837209302324,54.06976744186046"
lts__t_sectors_data_ecc.sum.per_second,"0.24502307602339182,0.1996997192982456,0.2600461929824562,0.19736495321637426,0.18063463742690058,0.17414030409356726,0.16958254970760234","0.004171767441860465,0.0072751046511627905,0.07029601162790698,0.034035604651162794,0.004357127906976744,0.004204720930232558,0.004809558139534884"
lts__t_sectors_evict_first_lookup_hit.sum,"685.1988304093567,685.6023391812865,4295.19298245614,13763.187134502923,777.8771929824561,624.2865497076024,797.8011695906433","11372.662790697674,46426.06976744186,99979.6046511628,78744.19767441861,12176.558139534884,9681.82558139535,12975.837209302326"
lts__t_sectors_evict_first_lookup_miss.sum,"345.49122807017545,357.766081871345,243.64912280701753,584.514619883041,243.26900584795322,359.6374269005848,370.7602339181287","7920.558139534884,7788.290697674419,11626.89534883721,10492.941860465116,8485.941860465116,8500.372093023256,9518.197674418605"
lts__t_sectors_evict_normal_lookup_hit.sum,"15111090.192982456,15117869.847953217,15109738.064327486,15116699.959064327,15109146.795321638,15109930.666666666,15109538.111111112","360920328.9302326,360544089.81395346,361182107.0697674,360895547.0813953,361061149.1744186,361006660.7093023,360921410.6511628"
lts__t_sectors_evict_normal_lookup_miss.sum,"42.72514619883041,44.88304093567251,52.994152046783626,65.27485380116958,44.187134502923975,41.801169590643276,41.280701754385966","634000428.0,634449241.8837209,633918982.0581396,633972630.3372093,634015124.6860465,633985551.5116279,633925169.1860465"
lts__t_sectors_lookup_hit.sum,"15179241.461988304,15176860.976608187,15179701.578947369,15189779.005847953,15181841.760233918,15179970.567251462,15180135.169590643","364845971.59302324,364643766.7790698,365081433.3023256,364810932.10465115,365034327.39534885,365068262.45348835,364939972.26744187"
lts__t_sectors_lookup_miss.sum,"333.6374269005848,409.85380116959067,337.4561403508772,552.5555555555555,353.0175438596491,280.17543859649123,306.82456140350877","633950249.9069767,634500129.3837209,633862810.4186046,633914767.8720931,633990720.7674419,634005231.7674419,633882286.3372093"
lts__t_sectors_srcunit_ltcfabric.avg.pct_of_peak_sustained_elapsed,"25.669346450292398,25.5674375497076,26.379421479532166,25.571757842105267,25.50941176608187,25.64753896491228,25.563878567251464","20.237493011627908,20.220996755813953,20.218835279069765,20.24930156976744,20.242600174418605,20.24323522093023,20.249675988372093"
lts__t_sectors_srcunit_ltcfabric.avg.peak_sustained,"1.0,1.0,1.0,1.0,1.0,1.0,1.0","1.0,1.0,1.0,1.0,1.0,1.0,1.0"
lts__t_sectors_srcunit_ltcfabric.avg.per_cycle_elapsed,"0.2566934619883041,0.25567437426900586,0.26379420467836256,0.2557176023391813,0.2550941461988304,0.25647540935672514,0.25563874853801166","0.20237494186046512,0.20220991860465115,0.20218832558139535,0.20249298837209304,0.20242601162790697,0.20243233720930232,0.20249673255813955"
lts__t_sectors_srcunit_ltcfabric.sum,"5082076.67251462,5081089.175438597,5082989.251461988,5084339.9883040935,5084092.50877193,5082934.040935673,5084014.438596491","216814643.02325583,216891569.8139535,216750684.94186047,216849257.79069766,216844392.56976745,216860019.62790698,216875801.5348837"
lts__t_sectors_srcunit_ltcfabric.sum.pct_of_peak_sustained_elapsed,"25.669346450292398,25.5674375497076,26.379421479532166,25.571757842105267,25.50941176608187,25.64753896491228,25.563878567251464","20.237493011627908,20.220996755813953,20.218835279069765,20.24930156976744,20.242600174418605,20.24323522093023,20.249675988372093"
lts__t_sectors_srcunit_ltcfabric.sum.per_second,"22.99800478362573,22.913962976608186,23.01875421637427,23.014684719298245,23.05356690643275,23.034449438596493,23.018193134502923","17.72323437209302,17.70927773255814,17.70355941860465,17.72366923255814,17.726661604651163,17.728320395348838,17.731827639534885"
lts__t_sectors_srcunit_ltcfabric_aperture_device_lookup_miss.sum,"0.0,0.10526315789473684,0.04093567251461988,0.0,0.0,0.0,0.0","206858654.27906978,207273223.1860465,207061553.1627907,206877234.43023255,206868740.6511628,206816652.0,206845243.44186047"
lts__t_sectors_srcunit_ltcfabric_evict_normal_lookup_hit.sum,"5039016.32748538,5037236.2105263155,5040393.783625731,5040829.707602339,5042625.543859649,5037977.497076023,5038263.625730994","9209323.395348838,8901581.581395349,8965295.023255814,9231675.860465117,9234778.88372093,9190887.767441861,9236181.813953489"
lts__t_sectors_srcunit_ltcfabric_evict_normal_lookup_miss.sum,"0.0,0.0,0.04093567251461988,0.0,0.0,0.0,0.0","206840028.88372093,207196122.1744186,206979083.95348838,206833914.79069766,206844815.39534885,206850613.4883721,206808837.4883721"
lts__t_sectors_srcunit_ltcfabric_lookup_hit.sum,"5082413.058479533,5079813.502923977,5082301.076023391,5086049.111111111,5084856.549707603,5082900.842105263,5083169.573099415","9998330.604651162,9698430.197674418,9724216.38372093,10015333.255813954,10018632.058139535,10014055.232558139,9999612.918604651"
lts__t_sectors_srcunit_ltcfabric_lookup_miss.sum,"0.0,0.0,0.0,0.0,0.0,0.0,0.0","206833869.95348838,207188024.88372093,206989335.30232558,206831981.02325583,206838096.04651162,206840561.5348837,206820564.1860465"
lts__t_sectors_srcunit_tex.avg.pct_of_peak_sustained_elapsed,"23.421924046783626,23.345032350877194,23.919804520467835,23.359781590643276,23.303972801169593,23.38517732163743,23.323311339181288","60.74688205813953,60.71679539534883,60.72852047674419,60.74336988372092,60.74253288372093,60.7274720116279,60.73626447674418"
lts__t_sectors_srcunit_tex.avg.peak_sustained,"2.0,2.0,2.0,2.0,2.0,2.0,2.0","2.0,2.0,2.0,2.0,2.0,2.0,2.0"
lts__t_sectors_srcunit_tex.avg.per_cycle_elapsed,"0.46843849707602336,0.46690064327485387,0.4783960877192982,0.46719564912280703,0.46607946198830413,0.467703567251462,0.4664661929824562","1.2149376744186047,1.214335930232558,1.2145704186046513,1.2148673720930232,1.2148507325581397,1.214549441860465,1.2147253255813955"
lts__t_sectors_srcunit_tex.sum,"10076064.187134502,10076128.187134502,10076224.187134502,10076096.187134502,10076256.187134502,10076192.187134502,10076160.187134502","778857109.5348837,778869341.5813954,779053322.1395348,778850462.4651163,778934665.3488373,778959411.0697675,778818782.5581396"
lts__t_sectors_srcunit_tex.sum.per_second,"41.6796887368421,41.559334918128656,41.70753837426901,41.681413666666664,41.71186845614035,41.67309695321637,41.66509214619883","106.34148868604652,106.2809540116279,106.26483406976743,106.32762618604652,106.31991703488373,106.33549725581395,106.32812210465116"
lts__t_sectors_srcunit_tex_aperture_device_lookup_miss.sum,"0.0,0.0,0.0,0.0,0.0,0.0,0.0","427057844.09302324,427256775.53488374,426952194.55813956,427154815.44186044,427108569.627907,427130066.2790698,427099972.88372093"
lts__t_sectors_srcunit_tex_aperture_device_op_read_lookup_miss.sum,"0.0,0.0,0.0,0.0,0.0,0.0,0.0","427048844.6511628,427280386.18604654,426878837.2093023,427131604.46511626,427100752.2790698,427128636.60465115,427172143.0232558"
lts__t_sectors_srcunit_tex_evict_normal_lookup_hit.sum,"10076064.187134502,10076128.187134502,10076224.187134502,10076096.187134502,10076256.187134502,10076192.187134502,10076160.187134502","351732536.6511628,351499363.44186044,352212648.88372093,351656874.46511626,351817121.4883721,351908689.90697676,351807081.6744186"
lts__t_sectors_srcunit_tex_evict_normal_lookup_miss.sum,"0.0,0.0,0.0,0.0,0.0,0.0,0.0","427163096.8372093,427311819.2093023,426823811.6744186,427081182.46511626,427097453.53488374,427113026.04651165,427132327.0697674"
lts__t_sectors_srcunit_tex_lookup_hit.sum,"10076064.187134502,10076128.187134502,10076224.187134502,10076096.187134502,10076256.187134502,10076192.187134502,10076160.187134502","351763672.74418604,351598711.44186044,352171838.7906977,351740147.90697676,351865674.88372093,351863942.46511626,351775839.0232558"
lts__t_sectors_srcunit_tex_lookup_miss.sum,"0.0,0.0,0.0,0.0,0.0,0.0,0.0","427085718.74418604,427254811.1627907,426911830.8372093,427063452.55813956,427107055.90697676,427130123.39534885,427124410.2790698"
lts__t_sectors_srcunit_tex_op_atom_dot_alu.avg.peak_sustained,"1.0,1.0,1.0,1.0,1.0,1.0,1.0","1.0,1.0,1.0,1.0,1.0,1.0,1.0"
lts__t_sectors_srcunit_tex_op_atom_dot_cas.avg.peak_sustained,"1.0,1.0,1.0,1.0,1.0,1.0,1.0","1.0,1.0,1.0,1.0,1.0,1.0,1.0"
lts__t_sectors_srcunit_tex_op_read.avg.pct_of_peak_sustained_elapsed,"0.0,0.0,0.0,0.0,0.0,0.0,0.0","60.73936686046511,60.717342,60.72660082558139,60.73370398837209,60.761149046511626,60.74500081395349,60.748967523255814"
lts__t_sectors_srcunit_tex_op_read.avg.peak_sustained,"2.0,2.0,2.0,2.0,2.0,2.0,2.0","2.0,2.0,2.0,2.0,2.0,2.0,2.0"
lts__t_sectors_srcunit_tex_op_read.avg.per_cycle_elapsed,"0.0,0.0,0.0,0.0,0.0,0.0,0.0","1.2147873255813955,1.2143468604651162,1.214532011627907,1.2146740581395348,1.215223034883721,1.2148999999999999,1.2149793488372094"
lts__t_sectors_srcunit_tex_op_read.sum,"0.0,0.0,0.0,0.0,0.0,0.0,0.0","778803288.744186,778855478.0,779065260.8372093,778816751.6279069,779056421.0232558,779043617.1627907,778896762.2790698"
lts__t_sectors_srcunit_tex_op_read.sum.per_second,"0.0,0.0,0.0,0.0,0.0,0.0,0.0","106.32833215116278,106.2818169883721,106.26153425581396,106.31075443023256,106.35244038372093,106.36617688372094,106.35031702325583"
lts__t_sectors_srcunit_tex_op_read_evict_normal_lookup_hit.sum,"0.0,0.0,0.0,0.0,0.0,0.0,0.0","351738613.44186044,351583363.5813953,352133051.5813953,351758206.6511628,351885603.7209302,351911709.90697676,351743041.95348835"
lts__t_sectors_srcunit_tex_op_read_evict_normal_lookup_miss.sum,"0.0,0.0,0.0,0.0,0.0,0.0,0.0","427124414.46511626,427249270.0,426867221.3023256,427167429.8604651,427133466.1395349,427126755.90697676,427105383.1627907"
lts__t_sectors_srcunit_tex_op_read_lookup_hit.sum,"0.0,0.0,0.0,0.0,0.0,0.0,0.0","351681870.88372093,351609067.8604651,352202146.6976744,351736466.18604654,351844877.81395346,351941542.7906977,351842264.6976744"
lts__t_sectors_srcunit_tex_op_read_lookup_miss.sum,"0.0,0.0,0.0,0.0,0.0,0.0,0.0","427149903.25581396,427436853.88372093,427074894.9883721,427242372.7906977,427198410.7906977,427031244.04651165,427115986.2790698"
lts__t_sectors_srcunit_tex_op_red.avg.peak_sustained,"1.0,1.0,1.0,1.0,1.0,1.0,1.0","1.0,1.0,1.0,1.0,1.0,1.0,1.0"
lts__t_sectors_srcunit_tex_op_write.avg.pct_of_peak_sustained_elapsed,"31.22923203508772,31.12670980701754,31.893072666666665,31.146375409356725,31.071963701754388,31.180236403508772,31.097748450292396","0.0,0.0,0.0,0.0,0.0,0.0,0.0"
lts__t_sectors_srcunit_tex_op_write.avg.peak_sustained,"1.5,1.5,1.5,1.5,1.5,1.5,1.5","1.5,1.5,1.5,1.5,1.5,1.5,1.5"
lts__t_sectors_srcunit_tex_op_write.avg.per_cycle_elapsed,"0.46843849707602336,0.46690064327485387,0.4783960877192982,0.46719564912280703,0.46607946198830413,0.467703567251462,0.4664661929824562","0.0,0.0,0.0,0.0,0.0,0.0,0.0"
lts__t_sectors_srcunit_tex_op_write.sum,"10076064.187134502,10076128.187134502,10076224.187134502,10076096.187134502,10076256.187134502,10076192.187134502,10076160.187134502","0.0,0.0,0.0,0.0,0.0,0.0,0.0"
lts__t_sectors_srcunit_tex_op_write.sum.per_second,"41.6796887368421,41.559334918128656,41.70753837426901,41.681413666666664,41.71186845614035,41.67309695321637,41.66509214619883","0.0,0.0,0.0,0.0,0.0,0.0,0.0"
lts__t_sectors_srcunit_tex_op_write_evict_normal_lookup_hit.sum,"10076064.187134502,10076128.187134502,10076224.187134502,10076096.187134502,10076256.187134502,10076192.187134502,10076160.187134502","0.0,51737.16279069767,145491.55813953487,121251.04651162791,0.0,0.0,0.0"
lts__t_sectors_srcunit_tex_op_write_lookup_hit.sum,"10076064.187134502,10076128.187134502,10076224.187134502,10076096.187134502,10076256.187134502,10076192.187134502,10076160.187134502","0.0,0.0,0.0,0.0,0.0,0.0,0.0"
lts__t_tag_requests.avg.pct_of_peak_sustained_elapsed,"24.404296491228067,24.28288261988304,25.181592918128658,24.26429619883041,24.193787953216376,24.326607040935674,24.21618757894737","40.40324170930232,40.383584918604654,40.382883104651164,40.40978022093023,40.41014274418605,40.394073779069764,40.41163696511628"
lts__throughput.avg.pct_of_peak_sustained_elapsed,"57.71946679532164,57.397381023391816,59.31802744444444,57.4712112865497,57.25917474269006,57.58624039181286,57.369085695906435","88.69674559302325,88.69523930232558,88.70528179069767,88.70217434883722,88.72119770930233,88.69305172093023,88.70416139534883"
lts__xbar2lts_cycles_active.avg.pct_of_peak_sustained_elapsed,"48.20213087719298,48.02192433333334,49.35707602339181,48.03894836842105,47.89848947368421,48.103194812865496,47.957227777777774","17.025704790697674,17.06082327906977,17.070428197674417,17.053524372093023,17.03646765116279,17.02557446511628,17.033289406976746"
memory_access_size_type,"0.0,0.0,0.0,0.0,0.0,0.0,0.0","0.0,0.0,0.0,0.0,0.0,0.0,0.0"
memory_access_type,"0.0,0.0,0.0,0.0,0.0,0.0,0.0","0.0,0.0,0.0,0.0,0.0,0.0,0.0"
memory_l1_tag_requests_global,"2519016.0467836256,2519032.0467836256,2519056.0467836256,2519024.0467836256,2519064.0467836256,2519048.0467836256,2519040.0467836256","204800000.0,204800000.0,204800000.0,204800000.0,204800000.0,204800000.0,204800000.0"
memory_l2_theoretical_sectors_global,"10076064.187134502,10076128.187134502,10076224.187134502,10076096.187134502,10076256.187134502,10076192.187134502,10076160.187134502","819200000.0,819200000.0,819200000.0,819200000.0,819200000.0,819200000.0,819200000.0"
memory_l2_theoretical_sectors_global_ideal,"10076064.187134502,10076128.187134502,10076224.187134502,10076096.187134502,10076256.187134502,10076192.187134502,10076160.187134502","819200000.0,819200000.0,819200000.0,819200000.0,819200000.0,819200000.0,819200000.0"
memory_type,"0.0,0.0,0.0,0.0,0.0,0.0,0.0","0.0,0.0,0.0,0.0,0.0,0.0,0.0"
profiler__replayer_bytes_mem_accessible.avg,"0.49204156140350874,0.492044649122807,0.492049269005848,0.49204312280701756,0.49205078947368425,0.49204771345029236,0.49204617543859647","0.6495139069767442,0.649518034883721,0.6495241860465116,0.649516,0.6495262093023256,0.6495221279069767,0.6495200697674418"
profiler__replayer_bytes_mem_accessible.max,"0.49204156140350874,0.492044649122807,0.492049269005848,0.49204312280701756,0.49205078947368425,0.49204771345029236,0.49204617543859647","0.6495139069767442,0.649518034883721,0.6495241860465116,0.649516,0.6495262093023256,0.6495221279069767,0.6495200697674418"
profiler__replayer_bytes_mem_accessible.min,"0.49204156140350874,0.492044649122807,0.492049269005848,0.49204312280701756,0.49205078947368425,0.49204771345029236,0.49204617543859647","0.6495139069767442,0.649518034883721,0.6495241860465116,0.649516,0.6495262093023256,0.6495221279069767,0.6495200697674418"
profiler__replayer_bytes_mem_accessible.sum,"19.1896207251462,19.189740771929824,19.204587187134504,19.189680754385964,19.18998092397661,19.18986085380117,19.189800807017544","26.448770255813955,26.487074406976742,25.333771162790697,26.090519383720927,26.42627641860465,25.715363127906976,26.440482348837207"
profiler__replayer_bytes_mem_backed_up.avg,"0.49204156140350874,0.492044649122807,0.492049269005848,0.49204312280701756,0.49205078947368425,0.49204771345029236,0.49204617543859647","0.6495139069767442,0.649518034883721,0.6495241860465116,0.649516,0.6495262093023256,0.6495221279069767,0.6495200697674418"
profiler__replayer_bytes_mem_backed_up.max,"0.49204156140350874,0.492044649122807,0.492049269005848,0.49204312280701756,0.49205078947368425,0.49204771345029236,0.49204617543859647","0.6495139069767442,0.649518034883721,0.6495241860465116,0.649516,0.6495262093023256,0.6495221279069767,0.6495200697674418"
profiler__replayer_bytes_mem_backed_up.min,"0.49204156140350874,0.492044649122807,0.492049269005848,0.49204312280701756,0.49205078947368425,0.49204771345029236,0.49204617543859647","0.6495139069767442,0.649518034883721,0.6495241860465116,0.649516,0.6495262093023256,0.6495221279069767,0.6495200697674418"
profiler__replayer_bytes_mem_backed_up.sum,"19.1896207251462,19.189740771929824,19.204587187134504,19.189680754385964,19.18998092397661,19.18986085380117,19.189800807017544","26.448770255813955,26.487074406976742,25.333771162790697,26.090519383720927,26.42627641860465,25.715363127906976,26.440482348837207"
sass__inst_executed_global_loads,"0.0,0.0,0.0,0.0,0.0,0.0,0.0","102400000.0,102400000.0,102400000.0,102400000.0,102400000.0,102400000.0,102400000.0"
sass__inst_executed_global_stores,"1259508.0233918128,1259516.0233918128,1259528.0233918128,1259512.0233918128,1259532.0233918128,1259524.0233918128,1259520.0233918128","0.0,0.0,0.0,0.0,0.0,0.0,0.0"
sass__inst_executed_per_opcode,"15120752.280701755,15120848.280701755,15120992.280701755,15120800.280701755,15121040.280701755,15120944.280701755,15120896.280701755","416000000.0,416000000.0,416000000.0,416000000.0,416000000.0,416000000.0,416000000.0"
sass__inst_executed_per_opcode_with_modifier_all,"15120752.280701755,15120848.280701755,15120992.280701755,15120800.280701755,15121040.280701755,15120944.280701755,15120896.280701755","416000000.0,416000000.0,416000000.0,416000000.0,416000000.0,416000000.0,416000000.0"
sass__inst_executed_per_opcode_with_modifier_selective,"15120752.280701755,15120848.280701755,15120992.280701755,15120800.280701755,15121040.280701755,15120944.280701755,15120896.280701755","416000000.0,416000000.0,416000000.0,416000000.0,416000000.0,416000000.0,416000000.0"
sass__thread_inst_executed_true_per_opcode,"483837448.98245615,483840520.98245615,483845128.98245615,483838984.98245615,483846664.98245615,483843592.98245615,483842056.98245615","13008548482.976744,13008548482.976744,13008548482.976744,13008548482.976744,13008548482.976744,13008548482.976744,13008548482.976744"
sass__thread_inst_executed_true_per_opcode_with_modifier_all,"483837448.98245615,483840520.98245615,483845128.98245615,483838984.98245615,483846664.98245615,483843592.98245615,483842056.98245615","13008548482.976744,13008548482.976744,13008548482.976744,13008548482.976744,13008548482.976744,13008548482.976744,13008548482.976744"
sass__thread_inst_executed_true_per_opcode_with_modifier_selective,"483837448.98245615,483840520.98245615,483845128.98245615,483838984.98245615,483846664.98245615,483843592.98245615,483842056.98245615","13008548482.976744,13008548482.976744,13008548482.976744,13008548482.976744,13008548482.976744,13008548482.976744,13008548482.976744"
sm__cycles_active.avg,"88662.46752847369,88667.13809373099,88670.13270753218,88707.86077765498,88665.56935469006,88664.0835128538,88664.19744539181","9790132.780191755,9796045.837821256,9793266.941758454,9793745.048041629,9791557.520807827,9792968.34893921,9792421.004895907"
sm__cycles_elapsed.avg.per_second,"1.1687784269005848,1.1802047777777778,1.1042140701754386,1.1877456140350877,1.1981986842105263,1.1779737719298247,1.1842943976608187","1.0912268023255813,1.0916405930232558,1.0914159651162791,1.0911977790697673,1.0908462906976744,1.0909289302325582,1.0911991279069768"
sm__inst_executed.avg.pct_of_peak_sustained_elapsed,"12.343957339181287,12.315990099415204,12.603203912280701,12.317121216374268,12.28136971345029,12.327990573099417,12.303003894736841","12.006994360465116,11.988521744186047,11.98069623255814,12.006459848837208,12.001577360465117,11.99194491860465,12.002075499999998"
sm__inst_executed.avg.per_cycle_active,"1.3867892865497076,1.3865475204678364,1.3838350877192982,1.3871173918128654,1.3871773040935673,1.387813543859649,1.3882459005847954","0.4806802906976744,0.4804699534883721,0.48019877906976743,0.4812149418604651,0.4804636627906977,0.4804178953488372,0.480694534883721"
sm__inst_executed.avg.per_cycle_elapsed,"0.4937583099415205,0.49263963157894736,0.5041281578947369,0.4926848596491228,0.49125479532163746,0.4931196374269006,0.49212016374269","0.48027979069767446,0.47954090697674423,0.47922784883720926,0.4802583604651163,0.48006312790697675,0.47967781395348835,0.480082976744186"
sm__inst_executed_pipe_adu.avg.pct_of_peak_sustained_active,"1.1389006140350877,1.1425794269005847,1.1319543333333333,1.1441797368421052,1.1372028538011696,1.1471156374269007,1.1482641754385965","2.9592961860465117,2.957998337209302,2.9563186627906974,2.962600011627907,2.9579601976744185,2.9576778255813956,2.959369372093023"
sm__inst_executed_pipe_adu.avg.pct_of_peak_sustained_elapsed,"0.2021868888888889,0.19865024561403508,0.22592486549707605,0.19522159649122808,0.19205499415204677,0.1984269590643275,0.19433315789473685","2.9568303139534886,2.952278430232558,2.9503412093023256,2.9567107441860463,2.9554943604651163,2.953121523255814,2.9556050348837206"
sm__inst_executed_pipe_alu.avg.pct_of_peak_sustained_active,"28.682645596491227,28.676932970760237,28.622372631578948,28.688512614035087,28.691039795321636,28.702477327485383,28.711274736842107","2.0336473837209303,2.032757546511628,2.031610290697674,2.0359096046511627,2.0327307325581394,2.0325371860465116,2.033707430232558"
sm__inst_executed_pipe_cbu.avg.pct_of_peak_sustained_active,"0.05694502923976608,0.05712894152046784,0.05659773099415205,0.057208999999999996,0.05686013450292398,0.057355748538011696,0.057413210526315796","0.09243848837209302,0.09239802325581395,0.09234593023255813,0.09254133720930233,0.09239686046511628,0.09238801162790698,0.09244123255813953"
sm__inst_executed_pipe_cbu_pred_on_any.avg.pct_of_peak_sustained_elapsed,"0.020218695906432747,0.01986504678362573,0.022592538011695907,0.01952216374269006,0.019205508771929825,0.01984269590643275,0.01943332748538012","0.36944597674418606,0.36887756976744185,0.3686368372093023,0.36942952325581396,0.36927932558139537,0.3689829302325581,0.3692945813953488"
sm__inst_executed_pipe_fma.avg.pct_of_peak_sustained_active,"11.518614245614035,11.516476385964912,11.494227233918128,11.521172210526315,11.521904040935674,11.526875567251462,11.530440467836257","3.4202251627906977,3.4187285813953485,3.416799046511628,3.4240296395348837,3.418683488372093,3.418358,3.4203260813953484"
sm__inst_executed_pipe_fp64.avg.pct_of_peak_sustained_active,"0.0,0.0,0.0,0.0,0.0,0.0,0.0","6.285819209302326,6.283068813953489,6.279522674418605,6.292811267441861,6.282985930232558,6.282387639534884,6.28600461627907"
sm__inst_executed_pipe_lsu.avg.pct_of_peak_sustained_active,"11.518614245614035,11.516476385964912,11.494227233918128,11.521172210526315,11.521904040935674,11.526875567251462,11.530440467836257","12.201884395348836,12.196545360465116,12.189661662790698,12.215457186046512,12.196384418604652,12.195223162790697,12.202244418604652"
sm__inst_executed_pipe_lsu.avg.pct_of_peak_sustained_elapsed,"4.107912859649122,4.098708321637427,4.193537116959064,4.099199643274853,4.087388064327485,4.102715906432749,4.09452349122807","12.191717290697675,12.17296046511628,12.165014686046511,12.191174627906976,12.186216988372092,12.176436290697673,12.18672276744186"
sm__inst_executed_pipe_tensor_op_hmma.avg.pct_of_peak_sustained_active,"0.0,0.0,0.0,0.0,0.0,0.0,0.0","0.18487708139534884,0.18479617441860466,0.18469182558139535,0.18508273255813953,0.18479370930232558,0.18477613953488373,0.18488247674418606"
sm__inst_executed_pipe_xu.avg.pct_of_peak_sustained_active,"0.0,0.0,0.0,0.0,0.0,0.0,0.0","2.218524476744186,2.2175537209302325,2.216302127906977,2.2209921511627906,2.2175243953488373,2.2173133372093026,2.218589906976744"
sm__inst_issued.avg.pct_of_peak_sustained_active,"34.799726514619884,34.793969169590646,34.72489266666666,34.80796697076023,34.809027192982455,34.82620030409357,34.83704201754386","12.017130441860466,12.011984337209302,12.00516746511628,12.03051096511628,12.011713709302324,12.010569511627907,12.017485151162791"
sm__inst_issued.avg.per_cycle_active,"1.3919890643274855,1.391758760233918,1.3889956959064327,1.3923186608187135,1.3923611169590644,1.3930480643274854,1.393481649122807","0.4806851976744186,0.48047941860465115,0.4802066860465116,0.481220488372093,0.480468511627907,0.48042276744186047,0.4806993953488372"
sm__inst_issued.max.pct_of_peak_sustained_active,"76.65035928070175,76.67076047953216,76.49780566081871,76.68540019883041,76.67570091812865,76.72935471929824,76.76046279532164","16.722009058139534,16.699930488372093,16.74319915116279,16.74680084883721,16.729080744186046,16.717391406976745,16.725746255813952"
sm__instruction_throughput.avg.pct_of_peak_sustained_active,"34.799726514619884,34.793969169590646,34.72489266666666,34.80796697076023,34.809027192982455,34.82620030409357,34.83704201754386","13.126269523255814,13.120526023255815,13.113120906976745,13.140870593023255,13.12035288372093,13.119103662790698,13.12665684883721"
sm__issue_active.avg.pct_of_peak_sustained_elapsed,"12.36701561988304,12.33863956140351,12.628960771929824,12.339322865497076,12.303273438596491,12.350633666666667,12.325176789473684","12.007117360465116,11.988756302325582,11.98089353488372,12.006595976744187,12.001700290697674,11.992067209302327,12.002198441860465"
sm__maximum_warps_per_active_cycle_pct,"100.0,100.0,100.0,100.0,100.0,100.0,100.0","100.0,100.0,100.0,100.0,100.0,100.0,100.0"
sm__memory_throughput.avg.pct_of_peak_sustained_elapsed,"8.175433801169591,8.157741152046784,8.341917812865496,8.159384771929824,8.136382204678362,8.165780953216375,8.150204953216374","12.191717290697675,12.17296046511628,12.165014686046511,12.191174627906976,12.186216988372092,12.176436290697673,12.18672276744186"
sm__mio2rf_writeback_active.avg.pct_of_peak_sustained_elapsed,"0.015163964912280701,0.014898760233918128,0.01694438596491228,0.014641654970760233,0.014404116959064328,0.014882005847953217,0.014574982456140351","6.288693360465117,6.273152034883721,6.270153639534883,6.283414093023255,6.280678081395349,6.276318290697675,6.28172976744186"
sm__mio_inst_issued.avg.pct_of_peak_sustained_elapsed,"2.1045031403508774,2.0990167426900586,2.1532497426900585,2.0984052339181285,2.091707783625731,2.1009646608187134,2.0958450643274853","6.835066279069768,6.824549895348837,6.820092569767442,6.8347649534883725,6.831982104651163,6.826498569767442,6.832262604651162"
sm__mio_pq_read_cycles_active.avg.pct_of_peak_sustained_elapsed,"8.1753883625731,8.157686660818714,8.341889321637426,8.159355058479532,8.136365152046784,8.16574647368421,8.150180409356725","0.0,0.0,0.0,0.0,0.0,0.0,0.0"
sm__mio_pq_write_cycles_active.avg.pct_of_peak_sustained_elapsed,"8.1753883625731,8.157686660818714,8.341889321637426,8.159355058479532,8.136365152046784,8.16574647368421,8.150180409356725","0.0,0.0,0.0,0.0,0.0,0.0,0.0"
sm__pipe_alu_cycles_active.avg.pct_of_peak_sustained_active,"28.682645596491227,28.676932970760237,28.622372631578948,28.688512614035087,28.691039795321636,28.702477327485383,28.711274736842107","2.0336473837209303,2.032757546511628,2.031610290697674,2.0359096046511627,2.0327307325581394,2.0325371860465116,2.033707430232558"
sm__pipe_alu_cycles_active.avg.pct_of_peak_sustained_elapsed,"10.249563520467836,10.226905900584796,10.461250345029239,10.228477046783626,10.199264719298245,10.236947152046783,10.216875514619883","2.031952941860465,2.028826813953488,2.027502453488372,2.0318623604651163,2.0310361395348835,2.029406058139535,2.031120488372093"
sm__pipe_fma_cycles_active.avg.pct_of_peak_sustained_active,"11.518614245614035,11.516476385964912,11.494227233918128,11.521172210526315,11.521904040935674,11.526875567251462,11.530440467836257","6.5631348139534875,6.560263023255814,6.556560441860465,6.570435337209303,6.5601764534883715,6.559551825581395,6.563328453488372"
sm__pipe_fma_cycles_active.avg.pct_of_peak_sustained_elapsed,"4.107912859649122,4.098708321637427,4.193537116959064,4.099199643274853,4.087388064327485,4.102715906432749,4.09452349122807","6.557666093023256,6.547577244186046,6.543303313953489,6.557374220930232,6.554707674418605,6.5494467790697675,6.554979674418605"
sm__pipe_fmaheavy_cycles_active.avg.pct_of_peak_sustained_elapsed,"8.215825771929824,8.197416713450293,8.38707425146199,8.198399391812867,8.17477618128655,8.205431894736842,8.189046994152045","13.115332337209301,13.095154488372092,13.086606627906976,13.114748465116278,13.109415255813955,13.098893627906977,13.109959406976746"
sm__pipe_fp64_cycles_active.avg.pct_of_peak_sustained_active,"0.0,0.0,0.0,0.0,0.0,0.0,0.0","6.285819209302326,6.283068813953489,6.279522674418605,6.292811267441861,6.282985930232558,6.282387639534884,6.28600461627907"
sm__pipe_shared_cycles_active.avg.pct_of_peak_sustained_active,"0.0,0.0,0.0,0.0,0.0,0.0,0.0","6.470696290697674,6.467864953488372,6.464214500000001,6.477893918604651,6.467779581395349,6.46716376744186,6.47088723255814"
sm__pipe_shared_cycles_active.avg.pct_of_peak_sustained_elapsed,"0.0,0.0,0.0,0.0,0.0,0.0,0.0","6.465304639534884,6.455357848837209,6.45114411627907,6.465016825581396,6.462387802325582,6.457201069767442,6.462656046511627"
sm__pipe_tensor_cycles_active.avg.pct_of_peak_sustained_active,"0.0,0.0,0.0,0.0,0.0,0.0,0.0","0.18487708139534884,0.18479617441860466,0.18469182558139535,0.18508273255813953,0.18479370930232558,0.18477613953488373,0.18488247674418606"
sm__pipe_tensor_cycles_active.avg.pct_of_peak_sustained_elapsed,"0.0,0.0,0.0,0.0,0.0,0.0,0.0","0.18472301162790697,0.18443887209302326,0.1843183953488372,0.1847147906976744,0.18463968604651163,0.18449151162790697,0.18464732558139535"
sm__pipe_tensor_op_hmma_cycles_active.avg.pct_of_peak_sustained_active,"0.0,0.0,0.0,0.0,0.0,0.0,0.0","0.18487708139534884,0.18479617441860466,0.18469182558139535,0.18508273255813953,0.18479370930232558,0.18477613953488373,0.18488247674418606"
sm__sass_thread_inst_executed_op_dfma_pred_on.sum.peak_sustained,"1824.0,1824.0,1824.0,1824.0,1824.0,1824.0,1824.0","1824.0,1824.0,1824.0,1824.0,1824.0,1824.0,1824.0"
sm__sass_thread_inst_executed_op_ffma_pred_on.sum.peak_sustained,"14592.0,14592.0,14592.0,14592.0,14592.0,14592.0,14592.0","14592.0,14592.0,14592.0,14592.0,14592.0,14592.0,14592.0"
sm__throughput.avg.pct_of_peak_sustained_elapsed,"12.36701561988304,12.33863956140351,12.628960771929824,12.339322865497076,12.303273438596491,12.350633666666667,12.325176789473684","13.115332337209301,13.095154488372092,13.086606627906976,13.114748465116278,13.109415255813955,13.098893627906977,13.109959406976746"
sm__warps_active.avg.pct_of_peak_sustained_active,"12.444709538011695,12.44434125146199,12.444737192982457,12.44453932748538,12.444646923976608,12.44430832748538,12.444187766081871","79.92452420930233,79.85999310465117,79.83581503488372,79.83590588372093,79.80376143023256,79.91948346511627,79.88777408139535"
sm__warps_active.avg.per_cycle_active,"7.964614076023391,7.9643783859649115,7.9646318128654965,7.964505181286549,7.964573988304094,7.964357298245614,7.964280157894737","51.15169547674419,51.11039556976744,51.09492154651162,51.09497976744186,51.07440732558139,51.14846938372093,51.12817536046512"
smsp__average_warp_latency_per_inst_issued.ratio,"5.795317438596491,5.820484228070176,5.808513438596491,5.799587900584795,5.808324555555555,5.79905218128655,5.797040251461989","135.70957790697673,135.83966808139536,135.81832360465117,135.62769009302326,135.71266311627906,135.72240961627907,135.6707931860465"
smsp__average_warps_active_per_inst_executed.ratio,"5.830868812865497,5.856504403508772,5.84404549122807,5.835024333333333,5.844436005847953,5.83452129239766,5.832487233918129","135.7109671860465,135.84151660465116,135.82016059302325,135.62948838372094,135.71405012790697,135.72380015116278,135.67218490697675"
smsp__average_warps_issue_stalled_branch_resolving_per_issue_active.ratio,"0.2498929649122807,0.24988799415204677,0.24989565497076024,0.2498989298245614,0.2498948245614035,0.24989342105263157,0.2498948888888889","0.05722123255813954,0.05720988372093023,0.057220593023255814,0.05722426744186047,0.057217337209302326,0.05721513953488372,0.05721244186046512"
smsp__average_warps_issue_stalled_dispatch_stall_per_issue_active.ratio,"0.05101901169590644,0.050847742690058484,0.05073184210526316,0.05062854970760234,0.05087389473684211,0.050855380116959066,0.05089027485380117","1.512276058139535,1.5087395000000001,1.5082985465116279,1.5110790116279071,1.5074132441860466,1.5077492209302328,1.509341511627907"
smsp__average_warps_issue_stalled_drain_per_issue_active.ratio,"0.0802913216374269,0.08011060233918128,0.08018418128654971,0.08021822807017544,0.0802918538011696,0.0801658245614035,0.08027842105263158","0.02724924418604651,0.02725045348837209,0.027254523255813953,0.027253976744186045,0.0272493488372093,0.027249918604651164,0.0272513488372093"
smsp__average_warps_issue_stalled_imc_miss_per_issue_active.ratio,"0.5625389590643275,0.5705204970760234,0.56216616374269,0.5742006198830409,0.5643530350877193,0.5720967076023392,0.5734157368421052","0.00047182558139534885,0.00046325581395348836,0.00047670930232558136,0.00046927906976744184,0.00047553488372093026,0.0004738720930232558,0.00047823255813953485"
smsp__average_warps_issue_stalled_lg_throttle_per_issue_active.ratio,"0.0,0.0,0.0,0.0,0.0,0.0,0.0","18.07809503488372,18.12972381395349,18.184630325581395,18.119165755813953,18.074913744186045,18.062699790697675,18.0687056627907"
smsp__average_warps_issue_stalled_long_scoreboard_per_issue_active.ratio,"1.3755412865497076,1.3756159356725146,1.3765212865497076,1.3765664678362572,1.3761057660818714,1.3758004736842104,1.3758972514619885","107.34966515116278,107.45631404651162,107.24213638372093,107.24246377906977,107.24579198837209,107.32816136046512,107.29194480232559"
smsp__average_warps_issue_stalled_math_pipe_throttle_per_issue_active.ratio,"0.01586748538011696,0.015852859649122808,0.01579169005847953,0.01583680116959064,0.015825883040935674,0.015814011695906433,0.01582514619883041","0.6342560813953488,0.6341789651162791,0.6329876511627907,0.6334486046511628,0.6340686860465117,0.6336239418604651,0.6337113953488372"
smsp__average_warps_issue_stalled_mio_throttle_per_issue_active.ratio,"1.0701754385964912e-06,7.660818713450292e-07,9.064327485380117e-07,5.614035087719299e-07,2.2280701754385964e-06,1.3976608187134503e-06,1e-06","1.1802718139534885,1.1779387790697675,1.1850198372093024,1.1843458953488373,1.1800112093023256,1.1812431511627908,1.1801562093023255"
smsp__average_warps_issue_stalled_misc_per_issue_active.ratio,"0.0004647836257309941,0.0004471754385964913,0.0004901345029239766,0.0004549766081871345,0.0004549649122807018,0.00046207602339181286,0.0004629415204678362","0.004904279069767442,0.00490443023255814,0.004904209302325582,0.004900116279069768,0.0049015,0.004904186046511628,0.00490293023255814"
smsp__average_warps_issue_stalled_no_instruction_per_issue_active.ratio,"0.347824350877193,0.37297485380116957,0.36042573684210527,0.3478505730994152,0.34780312865497076,0.3478141520467836,0.3478146959064327","0.05415820930232559,0.055000825581395345,0.05898182558139535,0.05813537209302325,0.05415551162790697,0.05415831395348837,0.05415829069767442"
smsp__average_warps_issue_stalled_not_selected_per_issue_active.ratio,"0.05416204093567251,0.0541399298245614,0.054447046783625726,0.05408829239766082,0.05406476608187134,0.05401495906432749,0.05409150877192983","1.4783163720930232,1.4751085813953488,1.4739020697674419,1.4757128139534885,1.4724377906976744,1.4730003372093023,1.473906558139535"
smsp__average_warps_issue_stalled_selected_per_issue_active.ratio,"1.0000102280701755,1.0000028771929825,0.9999993333333334,1.000021918128655,0.9999994795321637,1.0000026432748539,1.000012596491228","0.9999999302325582,0.9999937674418605,0.9999951511627907,0.9999978953488372,1.0,1.0,0.999999953488372"
smsp__average_warps_issue_stalled_short_scoreboard_per_issue_active.ratio,"0.03239180701754386,0.03399166666666666,0.03342115789473684,0.03306831578947369,0.03292927485380117,0.03378340935672515,0.03288554970760234","0.730295965116279,0.7296023139534884,0.744963546511628,0.739205488372093,0.731568953488372,0.7328895,0.7301677325581395"
smsp__average_warps_issue_stalled_wait_per_issue_active.ratio,"2.022315590643275,2.0221976023391814,2.0222975263157896,2.022291134502924,2.0222519005847954,2.022199567251462,2.022255777777778","3.603653976744186,3.6026724651162794,3.6034999534883725,3.6037011162790695,3.6028749534883717,3.6029776162790697,3.603104337209302"
smsp__cycles_elapsed.avg.per_second,"1.1687784269005848,1.1802047777777778,1.1042140701754386,1.1877456140350877,1.1981986842105263,1.1779737719298247,1.1842943976608187","1.0912268023255813,1.0916405930232558,1.0914159651162791,1.0911977790697673,1.0908462906976744,1.0909289302325582,1.0911991279069768"
smsp__cycles_elapsed.sum,"90800534.87719299,90844743.62573099,90592699.08771929,90742817.21637426,90819424.84210527,90803765.94152047,90837767.57894737","4469522842.976745,4474216924.651163,4473633263.16279,4470235937.767442,4469776261.767442,4468304925.767442,4469491073.395349"
smsp__inst_executed.avg,"33159.54447522807,33159.75500154386,33160.07079100585,33159.64973839181,33160.17605416959,33159.96552780702,33159.860264619885","912280.7017539999,912280.7017539999,912280.7017539999,912280.7017539999,912280.7017539999,912280.7017539999,912280.7017539999"
smsp__inst_executed.sum,"15120752.280701755,15120848.280701755,15120992.280701755,15120800.280701755,15121040.280701755,15120944.280701755,15120896.280701755","416000000.0,416000000.0,416000000.0,416000000.0,416000000.0,416000000.0,416000000.0"
smsp__inst_executed_op_branch.sum,"1260340.0233918128,1260348.0233918128,1260360.0233918128,1260344.0233918128,1260364.0233918128,1260356.0233918128,1260352.0233918128","3200000.0,3200000.0,3200000.0,3200000.0,3200000.0,3200000.0,3200000.0"
smsp__inst_issued.avg,"33163.703242011696,33163.913819637426,33164.232020111114,33163.80522208187,33164.33446185965,33164.12896275439,33164.01949319883","912290.0482456046,912295.7011678722,912294.4803906861,912291.9511423605,912290.0393206627,912290.0348327326,912290.0567115814"
smsp__inst_issued.sum,"15122648.678362573,15122744.701754386,15122889.801169591,15122695.18128655,15122936.514619883,15122842.807017544,15122792.888888888","416004262.0,416006839.73255813,416006283.05813956,416005129.7209302,416004257.9302326,416004255.88372093,416004265.8604651"
smsp__issue_active.avg.pct_of_peak_sustained_active,"34.93672046198831,34.83620603508772,34.866610584795325,34.96129929239766,34.98197397076023,34.95725466081871,34.97517452631579","12.018775465116278,12.003745499999999,11.990032337209302,12.028938093023255,12.010710941860465,12.006238837209303,12.015556232558138"
smsp__issue_active.avg.per_cycle_active,"0.3476608187134503,0.3466666666666667,0.34690058479532165,0.3480701754385965,0.34812865497076023,0.3478362573099415,0.3480701754385965","0.1188372093023256,0.11872093023255816,0.11848837209302325,0.11895348837209303,0.11895348837209303,0.11895348837209303,0.11872093023255816"
smsp__issue_inst0.avg.pct_of_peak_sustained_active,"65.0632795380117,65.16379396491227,65.13338941520469,65.03870070760235,65.01802602923976,65.04274533918128,65.02482547368422","87.98122453488372,87.99625449999999,88.00996766279069,87.97106190697674,87.98928905813953,87.99376116279069,87.98444376744186"
smsp__pcsamp_aggregated_passes,"2.0,2.1578947368421053,2.017543859649123,2.0,2.0,2.0,2.0","2.0,2.0,2.0,2.0,2.0,2.0,2.0"
smsp__pcsamp_buffer_size_bytes,"33.554432,33.554432,33.554432,33.554432,33.554432,33.554432,33.554432","33.554432,33.554432,33.554432,33.554432,33.554432,33.554432,33.554432"
smsp__pcsamp_interval,"5.0,4.7368421052631575,4.976608187134503,5.0,5.0,5.0,5.0","6.325581395348837,6.348837209302325,5.023255813953488,5.953488372093023,6.325581395348837,6.023255813953488,6.209302325581396"
smsp__pcsamp_interval_cycles,"1024.0,971.7894736842105,1024.187134502924,1024.0,1024.0,1024.0,1024.0","2845.767441860465,2941.0232558139537,1047.8139534883721,2238.5116279069766,2845.767441860465,2393.3023255813955,2690.9767441860463"
smsp__pcsamp_sample_count,"9873.970760233919,9864.309941520467,9643.105263157895,9873.251461988304,9874.12865497076,9874.245614035088,9873.842105263158","406525.68604651163,438021.73255813954,1079381.5,637426.1744186047,420959.3604651163,594226.8255813953,458159.988372093"
smsp__pcsamp_warps_issue_stalled_branch_resolving,"436.98830409356725,461.2573099415205,463.4327485380117,474.0877192982456,433.35087719298247,445.3859649122807,465.3333333333333","318.66279069767444,325.3953488372093,710.0930232558139,408.9767441860465,314.4767441860465,402.6046511627907,355.6162790697674"
smsp__pcsamp_warps_issue_stalled_branch_resolving_not_issued,"435.0643274853801,460.01169590643275,461.9122807017544,471.46783625730995,431.37426900584796,443.58479532163744,464.7368421052632","275.59302325581393,282.69767441860466,629.4883720930233,360.9186046511628,272.6744186046512,352.9651162790698,307.7906976744186"
smsp__pcsamp_warps_issue_stalled_dispatch_stall,"79.70760233918129,106.76608187134502,85.67836257309942,101.91228070175438,87.2046783625731,87.95906432748538,94.47368421052632","5396.53488372093,5267.837209302325,10391.639534883721,6465.639534883721,5313.325581395349,6409.6511627906975,5854.5"
smsp__pcsamp_warps_issue_stalled_dispatch_stall_not_issued,"79.43859649122807,106.54385964912281,85.32163742690058,101.59649122807018,86.98245614035088,87.71345029239767,94.19883040935673","1482.6279069767443,1501.3139534883721,3181.9651162790697,1907.5,1489.2558139534883,1861.7906976744187,1646.6744186046512"
smsp__pcsamp_warps_issue_stalled_drain,"6.555555555555555,5.9298245614035086,6.239766081871345,6.298245614035087,6.3274853801169595,6.450292397660819,6.631578947368421","133.13953488372093,137.2906976744186,314.01162790697674,175.8372093023256,135.2906976744186,173.17441860465115,149.25581395348837"
smsp__pcsamp_warps_issue_stalled_drain_not_issued,"6.508771929824562,5.883040935672515,6.2105263157894735,6.233918128654971,6.2748538011695905,6.374269005847953,6.567251461988304","114.93023255813954,120.8953488372093,281.0348837209302,156.69767441860466,118.1046511627907,152.7093023255814,130.88372093023256"
smsp__pcsamp_warps_issue_stalled_imc_miss,"28.228070175438596,26.0,27.707602339181285,28.198830409356724,28.22222222222222,28.169590643274855,27.894736842105264","1.302325581395349,1.3372093023255813,2.7906976744186047,2.186046511627907,1.255813953488372,1.7674418604651163,1.4883720930232558"
smsp__pcsamp_warps_issue_stalled_imc_miss_not_issued,"28.204678362573098,25.976608187134502,27.68421052631579,28.181286549707604,28.204678362573098,28.15204678362573,27.87719298245614","0.6627906976744186,0.7209302325581395,1.6511627906976745,1.2674418604651163,0.7674418604651163,1.058139534883721,0.872093023255814"
smsp__pcsamp_warps_issue_stalled_lg_throttle,"0.0,0.0,0.0,0.0,0.0,0.0,0.0","41168.13953488372,44571.395348837206,105924.79069767441,66087.05813953489,42892.67441860465,60752.8023255814,45799.48837209302"
smsp__pcsamp_warps_issue_stalled_lg_throttle_not_issued,"0.0,0.0,0.0,0.0,0.0,0.0,0.0","39329.0,42692.29069767442,102011.38372093023,63614.09302325582,41040.70930232558,58393.95348837209,43788.06976744186"
smsp__pcsamp_warps_issue_stalled_long_scoreboard,"3054.280701754386,3076.245614035088,3013.5438596491226,3094.9122807017543,3085.345029239766,3058.6374269005846,3060.8362573099416","329153.0581395349,357450.5348837209,898830.9302325582,526111.1395348837,342080.79069767444,489136.4651162791,372707.77906976745"
smsp__pcsamp_warps_issue_stalled_long_scoreboard_not_issued,"1666.1052631578948,1680.046783625731,1644.6491228070176,1701.625730994152,1689.017543859649,1671.4269005847952,1697.93567251462","290645.93023255817,318010.5813953488,810541.6976744186,475292.5465116279,303500.66279069765,439670.37209302327,329619.9069767442"
smsp__pcsamp_warps_issue_stalled_math_pipe_throttle,"2.742690058479532,2.0058479532163744,1.8070175438596492,1.4853801169590644,1.7076023391812865,0.9473684210526315,1.8187134502923976","2217.8953488372094,2180.232558139535,4280.441860465116,2619.7558139534885,2205.5697674418607,2594.1511627906975,2426.0348837209303"
smsp__pcsamp_warps_issue_stalled_math_pipe_throttle_not_issued,"0.27485380116959063,0.3216374269005848,0.23391812865497075,0.34502923976608185,0.27485380116959063,0.2982456140350877,0.26900584795321636","369.9418604651163,373.01162790697674,735.7906976744187,455.0232558139535,372.72093023255815,452.7325581395349,404.0"
smsp__pcsamp_warps_issue_stalled_mio_throttle,"0.0,0.0,0.0,0.0,0.0,0.0,0.0","3749.4186046511627,3719.6627906976746,7751.174418604651,4734.453488372093,3733.4418604651164,4611.116279069767,4097.372093023256"
smsp__pcsamp_warps_issue_stalled_mio_throttle_not_issued,"0.0,0.0,0.0,0.0,0.0,0.0,0.0","2183.2093023255816,2185.1279069767443,4666.232558139535,2862.5,2184.4186046511627,2765.2093023255816,2391.232558139535"
smsp__pcsamp_warps_issue_stalled_misc,"0.005847953216374269,0.011695906432748537,0.0,0.0,0.011695906432748537,0.017543859649122806,0.005847953216374269","24.058139534883722,25.848837209302324,62.43023255813954,36.16279069767442,24.848837209302324,33.116279069767444,28.08139534883721"
smsp__pcsamp_warps_issue_stalled_misc_not_issued,"0.0,0.0,0.0,0.0,0.0,0.0,0.0","23.767441860465116,25.569767441860463,61.848837209302324,35.848837209302324,24.476744186046513,32.74418604651163,27.674418604651162"
smsp__pcsamp_warps_issue_stalled_no_instructions,"638.3567251461989,606.3801169590644,586.5497076023391,608.5497076023391,615.8654970760234,620.7076023391813,630.8011695906433","132.87209302325581,129.0,263.0,161.1046511627907,128.2906976744186,158.96511627906978,144.3139534883721"
smsp__pcsamp_warps_issue_stalled_no_instructions_not_issued,"634.8304093567251,603.3157894736842,582.5497076023391,605.5087719298245,612.7543859649123,617.859649122807,627.9883040935673","100.33720930232558,98.33720930232558,199.62790697674419,123.6046511627907,96.63953488372093,120.34883720930233,108.4186046511628"
smsp__pcsamp_warps_issue_stalled_not_selected,"50.941520467836256,45.90643274853801,49.461988304093566,40.42690058479532,43.53216374269006,49.56140350877193,55.10526315789474","5028.081395348837,4861.988372093023,9388.5,5923.476744186047,4959.290697674419,5880.895348837209,5400.8488372093025"
smsp__pcsamp_warps_issue_stalled_selected,"1841.6315789473683,1834.4912280701753,1780.3391812865498,1809.9649122807018,1839.8245614035088,1846.970760233918,1816.5906432748538","3668.3720930232557,3710.8023255813955,7982.372093023256,4707.197674418605,3672.3837209302324,4592.581395348837,4076.4767441860463"
smsp__pcsamp_warps_issue_stalled_short_scoreboard,"1.5964912280701755,1.4795321637426901,1.608187134502924,1.8538011695906433,1.608187134502924,1.654970760233918,1.912280701754386","1882.046511627907,1957.6627906976744,4386.046511627907,2747.546511627907,1923.9302325581396,2571.046511627907,2058.1162790697676"
smsp__pcsamp_warps_issue_stalled_short_scoreboard_not_issued,"1.5730994152046784,1.4444444444444444,1.5321637426900585,1.7719298245614035,1.5380116959064327,1.6023391812865497,1.871345029239766","1014.5813953488372,1100.3488372093022,2641.1279069767443,1684.3372093023256,1060.0116279069769,1527.0581395348838,1115.406976744186"
smsp__pcsamp_warps_issue_stalled_wait,"3732.93567251462,3697.8362573099416,3626.7368421052633,3705.561403508772,3731.12865497076,3727.783625730994,3712.438596491228","13652.10465116279,13682.744186046511,29093.279069767443,17245.63953488372,13573.790697674418,16908.488372093023,15060.616279069767"
smsp__pcsamp_warps_issue_stalled_wait_not_issued,"3345.1403508771928,3309.5730994152045,3258.1461988304095,3335.8011695906434,3341.40350877193,3336.6023391812864,3320.7660818713452","6917.2441860465115,7050.8488372093025,15626.372093023256,9104.67441860465,6933.232558139535,8855.023255813954,7718.860465116279"
smsp__sass_average_branch_targets_threads_uniform.pct,"100.0,100.0,100.0,100.0,100.0,100.0,100.0","0.0,0.0,0.0,0.0,0.0,0.0,0.0"
smsp__sass_inst_executed_op_global_ld.sum,"0.0,0.0,0.0,0.0,0.0,0.0,0.0","102400000.0,102400000.0,102400000.0,102400000.0,102400000.0,102400000.0,102400000.0"
smsp__sass_inst_executed_op_global_st.sum,"1259508.0233918128,1259516.0233918128,1259528.0233918128,1259512.0233918128,1259532.0233918128,1259524.0233918128,1259520.0233918128","0.0,0.0,0.0,0.0,0.0,0.0,0.0"
smsp__sass_inst_executed_op_memory_64b.sum,"1259508.0233918128,1259516.0233918128,1259528.0233918128,1259512.0233918128,1259532.0233918128,1259524.0233918128,1259520.0233918128","102400000.0,102400000.0,102400000.0,102400000.0,102400000.0,102400000.0,102400000.0"
smsp__sass_thread_inst_executed_op_dadd_pred_on.sum.per_cycle_elapsed,"0.0,0.0,0.0,0.0,0.0,0.0,0.0","431.2764596860465,430.6129441395349,430.3318636744186,431.2572607906977,431.08188750000005,430.73590022093026,431.0997784534884"
smsp__sass_thread_inst_executed_op_dmul_pred_on.sum.per_cycle_elapsed,"0.0,0.0,0.0,0.0,0.0,0.0,0.0","13.477389372093024,13.456654453488373,13.447870779069767,13.476789395348836,13.471308976744186,13.460496895348836,13.471868081395348"
smsp__thread_inst_executed_per_inst_executed.ratio,"32.0,32.0,32.0,32.0,32.0,32.0,32.0","32.0,32.0,32.0,32.0,32.0,32.0,32.0"
smsp__thread_inst_executed_pred_on_per_inst_executed.ratio,"31.932573099415205,31.932573099415205,31.932573099415205,31.932573099415205,31.932748538011698,31.932573099415205,31.932573099415205","31.269302325581393,31.269302325581393,31.269302325581393,31.269302325581393,31.269302325581393,31.269302325581393,31.269302325581393"
smsp__warps_active.avg.peak_sustained,"16.0,16.0,16.0,16.0,16.0,16.0,16.0","16.0,16.0,16.0,16.0,16.0,16.0,16.0"
smsp__warps_active.avg.per_cycle_active,"1.9923064269005848,1.992920514619883,1.993015619883041,1.995548532163743,1.9981248596491228,1.9953247076023393,1.9958581461988303","12.776972825581396,12.773665755813953,12.765723860465116,12.760702581395348,12.759033511627905,12.775642011627907,12.764568976744187"
smsp__warps_eligible.avg.per_cycle_active,"0.36653622807017544,0.36546208187134505,0.3659137485380117,0.3668035087719298,0.36705665497076023,0.3667392046783626,0.36696713450292395","0.3087046976744186,0.30664496511627903,0.3056455348837209,0.3080565,0.3062781395348837,0.3063301279069767,0.30690915116279066"
thread_inst_executed,"483864072.98245615,483867144.98245615,483871752.98245615,483865608.98245615,483873288.98245615,483870216.98245615,483868680.98245615","13312000000.0,13312000000.0,13312000000.0,13312000000.0,13312000000.0,13312000000.0,13312000000.0"
thread_inst_executed_true,"483837448.98245615,483840520.98245615,483845128.98245615,483838984.98245615,483846664.98245615,483843592.98245615,483842056.98245615","13008548482.976744,13008548482.976744,13008548482.976744,13008548482.976744,13008548482.976744,13008548482.976744,13008548482.976744"
gpu__time_duration.sum,"0.1818537543859649,0.18195536842105262,0.181890432748538,0.181895298245614,0.18153730994152048,0.18183223391812867,0.1819402105263158","8.980879255813955,8.986612465116279,8.985668837209301,8.98292911627907,8.982100465116279,8.981822139534883,8.981042976744186"
