Unnamed: 0,initKernel(HIP_vector_type<float__4u>*__unsigned_long)_,void_sumKernel<24__1024>(HIP_vector_type<float__4u>*__HIP_vector_type<float__4u>_const*__int)_
Unnamed: 0,"128.0,128.0,128.0,128.0,128.0,128.0","129.5,129.5,129.5,129.5,129.5,129.5"
gpu-id,"2.0,2.0,2.0,2.0,2.0,2.0","2.0,2.0,2.0,2.0,2.0,2.0"
arch_vgpr,"8.0,8.0,8.0,8.0,8.0,8.0","60.0,60.0,60.0,60.0,60.0,60.0"
accum_vgpr,"0.0,0.0,0.0,0.0,0.0,0.0","4.0,4.0,4.0,4.0,4.0,4.0"
wave_size,"64.0,64.0,64.0,64.0,64.0,64.0","64.0,64.0,64.0,64.0,64.0,64.0"
runtime,"371633.5813953488,372899.2034883721,369277.9011627907,371108.70930232556,371347.2965116279,372183.25581395347","26256093.802325584,25850902.860465117,26390859.43023256,25541989.3372093,26689252.546511628,28850540.30232558"
SQ_ACTIVE_INST_SCA,"941227.9069767442,941247.9069767442,941239.9069767442,941251.9069767442,941235.9069767442,941231.9069767442","49600000.0,49600000.0,49600000.0,49600256.46511628,49600000.0,49600000.0"
SQ_ACTIVE_INST_MISC,"469989.9534883721,469999.9534883721,469995.9534883721,470001.9534883721,469993.9534883721,469991.9534883721","4800000.0,4800000.0,4800000.0,4800050.372093024,4800000.0,4800000.0"
SQ_ACTIVE_INST_FLAT,"469573.9534883721,469583.9534883721,469579.9534883721,469585.9534883721,469577.9534883721,469575.9534883721","38400000.0,38400000.0,38400000.0,38400000.0,38400000.0,38400000.0"
SQ_INST_CYCLES_VMEM_WR,"469573.9534883721,469583.9534883721,469579.9534883721,469585.9534883721,469577.9534883721,469575.9534883721","0.0,0.0,0.0,83.34883720930233,0.0,0.0"
SQ_INST_CYCLES_VMEM_RD,"0.0,0.0,0.0,0.0,0.0,0.0","38400000.0,38400000.0,38400000.0,38400083.34883721,38400000.0,38400000.0"
SQ_INST_CYCLES_SMEM,"624.0,624.0,624.0,624.0,624.0,624.0","4800000.0,4800000.0,4800000.0,4800020.186046511,4800000.0,4800000.0"
SQ_INST_CYCLES_SALU,"940603.9069767442,940623.9069767442,940615.9069767442,940627.9069767442,940611.9069767442,940607.9069767442","44800000.0,44800000.0,44800000.0,44800236.27906977,44800000.0,44800000.0"
TCP_TCP_LATENCY_sum,"443896953.2267442,439135286.84302324,442206521.05813956,442273119.6802326,443245521.40697676,444540832.4127907","70329403763.2093,70529927134.2907,71459819392.60464,71792384086.15117,70682493879.55814,71159652621.91861"
TCP_TCC_READ_REQ_LATENCY_sum,"0.0,0.0,0.0,0.0,0.0,0.0","479032156506.8954,475142934481.4303,479755418072.18604,480351838905.94183,480400029042.74414,479878883188.2907"
TCP_TCC_WRITE_REQ_LATENCY_sum,"2783888880.4651165,2762449238.3430233,2774608628.30814,2775759816.30814,2781125273.395349,2786319583.988372","0.0,0.0,0.0,40470.74418604651,0.0,0.0"
TCP_TCC_READ_REQ_sum,"0.0,0.0,0.0,0.0,0.0,0.0","614400000.0,614400000.0,614400000.0,614400166.6976744,614400000.0,614400000.0"
TA_DATA_STALLED_BY_TC_CYCLES_sum,"23013746.354651164,22719306.56976744,22966927.837209303,22962885.88372093,22974492.005813953,23081039.505813953","0.0,0.0,0.0,407.2325581395349,0.0,0.0"
CPC_ME1_DC0_SPI_BUSY,"560.5755813953488,560.546511627907,560.6162790697674,560.5116279069767,560.4767441860465,560.4709302325582","38937776.08139535,39153771.04651163,39598653.20930233,39813259.29069767,39113504.41860466,39394419.255813956"
TCC_EA_WRREQ_DRAM_CREDIT_STALL_sum,"1498016.1046511629,1495935.6220930233,1468621.9709302324,1480221.238372093,1533874.430232558,1486083.023255814","0.0,0.0,0.0,0.0,0.0,0.0"
wave_size_1,"64.0,64.0,64.0,64.0,64.0,64.0","64.0,64.0,64.0,64.0,64.0,64.0"
SQ_INSTS_VALU_ADD_F32,"0.0,0.0,0.0,0.0,0.0,0.0","76800000.0,76800000.0,76800000.0,76800000.0,76800000.0,76800000.0"
SQ_INSTS_VALU_MUL_F32,"0.0,0.0,0.0,0.0,0.0,0.0","4800000.0,4800000.0,4800000.0,4800000.0,4800000.0,4800000.0"
SQ_INSTS_VALU_TRANS_F32,"0.0,0.0,0.0,0.0,0.0,0.0","1600000.0,1600000.0,1600000.0,1600000.0,1600000.0,1600000.0"
TCP_VOLATILE_sum,"30052733.023255814,30053539.720930234,30053117.023255814,30053810.604651164,30052989.023255814,30052861.023255814","2457600881.116279,2457600595.348837,2457600000.0,2457602905.3023257,2457600000.0,2457601881.3023252"
TCP_TOTAL_ACCESSES_sum,"30052733.023255814,30053539.720930234,30053117.023255814,30053810.604651164,30052989.023255814,30052861.023255814","2457600881.116279,2457600595.348837,2457600000.0,2457602905.3023257,2457600000.0,2457601881.3023252"
TCP_TOTAL_READ_sum,"0.0,83.34883720930233,0.0,154.7906976744186,0.0,0.0","2457600440.55814,2457600297.6744184,2457600000.0,2457601452.651163,2457600000.0,2457600940.651163"
TCP_TOTAL_WRITE_sum,"30052733.023255814,30053456.372093026,30053117.023255814,30053655.81395349,30052989.023255814,30052861.023255814","440.5581395348837,297.6744186046512,0.0,1452.6511627906978,0.0,940.6511627906976"
TD_STORE_WAVEFRONT_sum,"469573.9534883721,469589.1627906977,469579.9534883721,469595.6279069768,469577.9534883721,469575.9534883721","27.53488372093023,18.6046511627907,0.0,90.79069767441861,0.0,58.7906976744186"
SPI_RA_REQ_NO_ALLOC,"12.0,12.0,12.0,12.0,12.0,12.0","69674707.54651162,70035877.18604651,69408415.39534883,68854426.08139536,69865996.88372093,70259121.19767442"
SPI_RA_REQ_NO_ALLOC_CSN,"220.0,220.65116279069767,220.0,221.2093023255814,220.0,220.0","47031510.60465116,47880800.04651162,46975477.593023255,46619087.04651162,47723680.43023256,47992389.91860465"
CPC_CPC_STAT_STALL,"91655.61046511628,94244.88953488371,93469.6453488372,94848.40697674418,90785.17441860466,92140.98837209302","24615.41860465116,23141.79069767442,32076.372093023256,31086.093023255817,24564.45348837209,30658.197674418603"
CPC_UTCL1_STALL_ON_TRANSLATION,"2033.2325581395348,2085.5988372093025,2104.3720930232557,2106.68023255814,2148.3313953488373,2118.0058139534885","3628.9302325581393,3677.279069767442,3723.9418604651164,3736.2558139534885,3825.5697674418607,3812.3488372093025"
CPF_CPF_STAT_IDLE,"0.0,67201.6046511628,0.0,171719.28488372092,0.0,0.0","1741205.1744186047,1612100.511627907,1716338.3488372094,2180337.6511627906,1508473.0697674418,1923927.093023256"
CPF_CPF_TCIU_IDLE,"626515.6686046511,693270.3139534884,628150.2906976744,798314.9127906977,625496.5058139535,627759.5348837209","41260919.29069767,41305587.91860465,41123809.18604651,41582741.77906977,41127819.94186047,41649297.18604651"
TCC_REQ_sum,"7513272.703488371,7513490.383720931,7513369.813953488,7513571.25,7513337.5058139535,7513304.686046512","312795960.4186046,312739294.9883721,312801590.39534885,312808824.4302325,312789623.4069767,312820287.4302325"
TCC_HIT_sum,"3756630.1802325584,3756743.0406976743,3756678.052325581,3756787.9418604653,3756662.13372093,3756646.88372093","107667525.46511628,107664948.02325581,107158228.38372092,107333273.89534885,107127583.15116279,106347286.04651162"
TCC_MISS_sum,"3756642.523255814,3756747.343023256,3756691.7616279074,3756783.3081395347,3756675.3720930233,3756657.8023255817","205128434.95348838,205074346.96511626,205643362.0116279,205475550.53488374,205662040.25581396,206473001.38372093"
wave_size_2,"64.0,64.0,64.0,64.0,64.0,64.0","64.0,64.0,64.0,64.0,64.0,64.0"
SQC_TC_REQ,"39.48255813953489,41.127906976744185,40.79069767441861,39.56976744186046,88.05232558139534,39.674418604651166","212.2093023255814,396.2325581395349,336.5232558139535,216.36046511627907,229.86046511627907,211.66279069767444"
SQC_ICACHE_REQ,"1409137.8604651163,1409167.8604651163,1409155.8604651163,1409173.8604651163,1409289.6511627908,1409143.8604651163","81600000.0,81600923.59302326,81600491.34883721,81600020.5,81600000.0,81600000.0"
SQC_ICACHE_HITS,"1409110.6046511629,1409136.4186046512,1409124.3255813955,1409146.6046511629,1409225.7616279072,1409116.558139535","81599387.3372093,81600140.66279069,81599674.76744185,81599358.88372093,81599273.54651162,81599392.72093023"
SQC_ICACHE_MISSES,"1.9883720930232558,2.3255813953488373,2.302325581395349,1.9825581395348837,4.651162790697674,2.005813953488372","10.232558139534882,17.686046511627907,16.872093023255815,10.802325581395348,10.941860465116278,10.581395348837209"
wave_size_3,"64.0,64.0,64.0,64.0,64.0,64.0","64.0,64.0,64.0,64.0,64.0,64.0"
SQC_ICACHE_MISSES_DUPLICATE,"25.25,57.633720930232556,24.936046511627907,25.023255813953487,25.5,25.116279069767444","663.0581395348837,461.24418604651163,623.2558139534884,626.6627906976744,611.8255813953489,640.3255813953488"
SQC_DCACHE_INPUT_VALID_READYB,"550.4825581395348,668.8546511627907,552.6860465116279,541.7906976744187,547.5116279069767,541.3953488372093","4117208.0348837213,4106972.6976744183,4132112.6511627906,4122631.7906976743,4115051.639534883,4113017.872093023"
SQC_DCACHE_REQ,"624.0,661.4883720930233,624.0,624.0,624.0,624.0","4800045.779069767,4800000.0,4800000.0,4800000.0,4800018.023255814,4800000.0"
SQC_DCACHE_HITS,"208.0,208.0,208.0,208.0,208.0,208.0","4798187.546511628,4798223.627906976,4798223.627906976,4798183.2558139535,4798182.534883721,4798183.2558139535"
SQC_DCACHE_MISSES,"31.424418604651162,69.26162790697674,31.331395348837212,31.78488372093023,31.55232558139535,31.80232558139535","104.25581395348837,57.30232558139535,57.30232558139535,58.6046511627907,76.65116279069767,58.6046511627907"
SQC_DCACHE_MISSES_DUPLICATE,"384.5755813953488,384.2267441860465,384.6686046511628,384.2151162790698,384.4476744186046,384.1976744186046","1753.9767441860465,1719.0697674418604,1719.0697674418604,1758.139534883721,1758.8372093023256,1758.139534883721"
wave_size_4,"64.0,64.0,64.0,64.0,64.0,64.0","64.0,64.0,64.0,64.0,64.0,64.0"
wave_size_5,"64.0,64.0,64.0,64.0,64.0,64.0","64.0,64.0,64.0,64.0,64.0,64.0"
SQ_INSTS_VALU_INT32,"1878711.8139534884,1878751.8139534884,1878735.8139534884,1878759.8139534884,1878727.8139534884,1878719.8139534884","129600000.0,129600000.0,129600000.0,129600000.0,129600000.0,129600000.0"
SQ_INSTS_VALU_INT64,"469781.9534883721,469791.9534883721,469787.9534883721,469793.9534883721,469785.9534883721,469783.9534883721","28800000.0,28800000.0,28800000.0,28800000.0,28800000.0,28800000.0"
SQ_INSTS_SMEM,"624.0,624.0,624.0,624.0,624.0,624.0","4800000.0,4800000.0,4800000.0,4800000.0,4800001.441860465,4800000.0"
SQ_INSTS_FLAT,"469573.9534883721,469583.9534883721,469579.9534883721,469585.9534883721,469577.9534883721,469575.9534883721","38400000.0,38400000.0,38400000.0,38400000.0,38400000.0,38400000.0"
TCP_TOTAL_WRITEBACK_INVALIDATES_sum,"0.0,0.0,0.0,0.0,0.0,0.0","9.674418604651162,9.674418604651162,14.511627906976743,9.674418604651162,9.674418604651162,9.674418604651162"
TCP_TOTAL_CACHE_ACCESSES_sum,"7513183.2558139535,7513343.2558139535,7513279.2558139535,7513375.2558139535,7513247.2558139535,7513215.2558139535","614400000.0,614400000.0,614400000.0,614400000.0,614400023.8139534,614400000.0"
SPI_RA_RES_STALL_CSN,"0.0,0.0,0.0,0.0,0.0,0.0","24121205.58139535,24199162.56976744,23845819.38372093,23946822.325581394,23440085.023255814,24076458.406976745"
CPC_CPC_UTCL2IU_BUSY,"2341.2558139534885,2396.982558139535,2264.203488372093,2337.1686046511627,2282.7267441860467,2357.156976744186","4042.232558139535,4058.8837209302324,3935.186046511628,3942.860465116279,3773.302325581395,3946.988372093023"
CPC_CPC_UTCL2IU_IDLE,"624418.8837209303,625203.8139534884,624824.0406976744,621146.4244186046,626514.5988372093,627568.6686046511","41039683.52325581,39576158.45348837,41542485.883720934,41117748.13953488,41113985.05813953,41157212.87209302"
CPF_CMP_UTCL1_STALL_ON_TRANSLATION,"137.47093023255815,126.34302325581395,91.01744186046511,129.33139534883722,88.16279069767442,91.43023255813954","264.5813953488372,237.56976744186045,395.75581395348837,257.8372093023256,242.36046511627907,233.87209302325581"
TCC_READ_sum,"92.03488372093022,90.22674418604652,89.65697674418604,90.30232558139535,91.0813953488372,91.28488372093024","312784965.96511626,312721029.75581396,312685974.0,312729347.60465115,312816994.53488374,312894056.2790698"
TCC_WRITE_sum,"7513183.2558139535,7513343.2558139535,7513279.2558139535,7513375.2558139535,7513247.2558139535,7513215.2558139535","0.0,0.0,0.0,0.0,12.69767441860465,0.0"
TCC_WRITEBACK_sum,"3739958.0697674416,3740035.4767441857,3739816.7441860465,3740051.6744186045,3739800.1860465114,3739783.9476744183","31.75581395348837,31.75581395348837,32.23255813953489,31.74418604651163,37.80232558139535,31.77906976744186"
wave_size_6,"64.0,64.0,64.0,64.0,64.0,64.0","64.0,64.0,64.0,64.0,64.0,64.0"
SQ_INSTS_BRANCH,"469781.9534883721,469791.9534883721,469787.9534883721,469793.9534883721,469785.9534883721,469783.9534883721","3200000.0,3200000.0,3200006.488372093,3200000.0,3200000.0,3200016.034883721"
SQ_INSTS_SENDMSG,"208.0,208.0,208.0,208.0,208.0,208.0","1600000.0,1600000.0,1600000.2325581396,1600000.0,1600000.0,1600000.5348837208"
SQ_WAIT_ANY,"4860069.011627907,4862857.761627907,4863630.186046512,4862340.796511628,4861214.51744186,4860438.604651162","2587950523.081395,2611844827.837209,2632215573.4534883,2593060575.918605,2591444010.872093,2596276572.139535"
SQ_WAIT_INST_ANY,"19366504.76744186,19179030.093023255,19187635.639534887,19045601.93023256,19120196.848837208,19198084.755813953","18204475445.465115,18409020622.82558,18229660186.081394,17983392093.11628,18122863567.94186,18006823958.930233"
SQ_ACTIVE_INST_ANY,"6577363.34883721,6577503.34883721,6577447.34883721,6577531.34883721,6577419.34883721,6577391.34883721","393600000.0,393600000.0,393600096.88372093,393600000.0,393600000.0,393600223.8488372"
SQ_ACTIVE_INST_VALU,"4696571.534883721,4696671.534883721,4696631.534883721,4696691.534883721,4696611.534883721,4696591.534883721","300800000.0,300800000.0,300800013.95348835,300800000.0,300800000.0,300800032.0930233"
TCP_UTCL1_TRANSLATION_MISS_sum,"11949.023255813954,11949.162790697676,11949.116279069767,11949.162790697676,11949.069767441859,11949.069767441859","939340.5930232558,939143.6162790698,939585.4418604651,938949.8255813953,939199.7558139535,938986.2906976744"
TCP_UTCL1_TRANSLATION_HIT_sum,"7385238.48255814,7385415.6569767445,7385312.302325581,7385332.912790698,7385259.226744186,7385245.540697674","604970779.9418604,604961535.8953488,604950953.9534883,604963899.9069767,604964193.627907,604968202.4651163"
TCP_UTCL1_REQUEST_sum,"7513183.2558139535,7513343.2558139535,7513279.2558139535,7513375.2558139535,7513247.2558139535,7513215.2558139535","614400000.0,614400000.0,614400059.5348837,614400000.0,614400000.0,614400136.9302325"
TA_ADDR_STALLED_BY_TC_CYCLES_sum,"1289064.8255813953,1246219.4360465116,1262031.3255813953,1334657.4360465116,1302730.9418604653,1302596.3255813953","3374385482.290698,3415413520.0697675,3441414472.9069767,3379063863.44186,3381585200.0930233,3387343189.383721"
TA_TOTAL_WAVEFRONTS_sum,"469573.9534883721,469583.9534883721,469579.9534883721,469585.9534883721,469577.9534883721,469575.9534883721","38400000.0,38400000.0,38400014.883720934,38400000.0,38400000.0,38400034.23255814"
SPI_RA_WAVE_SIMD_FULL_CSN,"0.0,0.0,0.0,0.0,0.0,0.0","1175394048.1046512,1191031652.8139534,1186949180.5,1144814054.7093024,1166989192.6162791,1138589774.6279068"
SPI_RA_VGPR_SIMD_FULL_CSN,"0.0,0.0,0.0,0.0,0.0,0.0","1182759246.3255816,1198500907.6744184,1193926382.0581396,1151825391.8023255,1174408832.488372,1145698350.8837209"
CPC_ME1_BUSY_FOR_PACKET_DECODE,"626660.2209302326,624242.0,623688.6453488372,620199.25,622783.9011627907,623048.0348837209","54085.04651162791,55110.53488372093,54445.93023255814,54162.58139534884,55237.69767441861,53844.58139534884"
TCC_EA_WRREQ_sum,"7479537.802325581,7479689.639534884,7479634.674418605,7480479.976744186,7480366.26744186,7479577.290697674","0.0,0.0,30.11627906976744,0.0,0.0,69.26744186046511"
TCC_EA_WRREQ_64B_sum,"7479537.802325581,7479689.639534884,7479634.674418605,7480479.976744186,7480366.26744186,7479577.290697674","0.0,0.0,30.11627906976744,0.0,0.0,69.26744186046511"
TCC_EA_WRREQ_STALL_sum,"1486893.1802325582,1472524.5639534884,1532376.6395348837,1464373.8779069767,1510323.441860465,1493164.7209302327","0.0,0.0,203.06976744186048,0.0,0.0,2598.953488372093"
wave_size_7,"64.0,64.0,64.0,64.0,64.0,64.0","64.0,64.0,64.0,64.0,64.0,64.0"
wave_size_8,"64.0,64.0,64.0,64.0,64.0,64.0","64.0,64.0,64.0,64.0,64.0,64.0"
SQC_DCACHE_REQ_READ_1,"416.0,416.0,416.0,416.0,416.0,416.0","3200000.0,3200000.0,3200000.0,3200055.1279069767,3202419.7441860465,3200040.162790698"
SQC_DCACHE_REQ_READ_4,"208.0,208.0,208.0,208.0,208.0,208.0","1600000.0,1600000.0,1600000.0,1600010.0232558139,1600439.953488372,1600007.3023255814"
wave_size_9,"64.0,64.0,64.0,64.0,64.0,64.0","64.0,64.0,64.0,64.0,64.0,64.0"
SQC_TC_INST_REQ,"7.372093023255815,7.348837209302326,6.651162790697674,8.69767441860465,58.622093023255815,8.720930232558139","134.86046511627907,121.16279069767442,102.75581395348837,134.1046511627907,3313.593023255814,134.61627906976744"
SQC_TC_DATA_READ_REQ,"31.71511627906977,31.918604651162788,31.74418604651163,31.38953488372093,48.70930232558139,31.75","58.6046511627907,57.30232558139535,57.30232558139535,58.6046511627907,3269.0348837209303,58.6046511627907"
TCP_TCC_RW_READ_REQ_sum,"0.0,0.0,0.0,0.0,38.69767441860465,0.0","614400000.0,614400000.0,614400000.0,614400000.0,614451057.1162791,614400000.0"
TCP_TCC_RW_WRITE_REQ_sum,"7513183.2558139535,7513343.2558139535,7513279.2558139535,7513375.2558139535,7513285.953488372,7513215.2558139535","0.0,0.0,0.0,0.0,51057.11627906977,0.0"
TCP_PENDING_STALL_CYCLES_sum,"29297698.924418602,29199236.04069767,29435848.31395349,29236134.209302325,29259075.610465117,29380247.186046515","3418605377.6279073,3470179571.616279,3388704736.476744,3411222903.988372,3446694949.9069767,3406085363.627907"
TCC_EA_RDREQ_DRAM_sum,"51.33720930232558,51.83139534883721,51.372093023255815,50.43604651162791,93.25,52.5","411805004.4767442,410881671.9302326,409242165.8604651,408372771.9186046,408145675.82558143,412310753.03488374"
TCC_EA_WRREQ_DRAM_sum,"7480301.558139535,7480448.848837209,7480394.209302326,7480104.65116279,7477662.23255814,7479952.174418605","0.0,0.0,0.0,0.0,51656.13953488372,0.0"
TCC_EA_RDREQ_LEVEL_sum,"76170.58139534884,77062.60465116278,76313.30232558139,74746.07558139534,85826.90697674418,78034.17441860464","210147423281.40698,205759458887.31396,207740038735.18604,205022766049.3372,208044041882.2093,211819466627.55814"
TCC_EA_WRREQ_LEVEL_sum,"2795612485.5930233,2809775931.5465117,2773859321.994186,2787773381.895349,2797984542.1918607,2811457319.1918607","0.0,0.0,0.0,0.0,44600899.97674419,0.0"
wave_size_10,"64.0,64.0,64.0,64.0,64.0,64.0","64.0,64.0,64.0,64.0,64.0,64.0"
SQ_ITEMS,"13312.0,13312.0,13312.0,13312.0,13387.627906976744,13312.0","102400000.0,102400000.0,102400000.0,102400001.01162791,102405172.96511628,102400017.0"
TA_FLAT_WRITE_WAVEFRONTS_sum,"469573.9534883721,469583.9534883721,469579.9534883721,469585.9534883721,469577.9534883721,469575.9534883721","0.0,0.0,0.0,0.0,0.0,0.0"
SPI_SWC_CSC_WR,"416.0,416.0,416.0,416.0,241.86046511627907,416.0","3200000.0,3200000.0,3200000.0,3200000.0,1849676.6511627906,3200000.0"
TCC_EA_RDREQ_DRAM_CREDIT_STALL_sum,"0.0,0.0,0.0,0.0,0.0,0.0","35692214.34883721,33815138.70930233,35660080.883720934,33498916.93023256,34405537.406976745,34468219.20930232"
TCC_TAG_STALL_sum,"765861.1744186047,762966.2616279069,761245.3837209303,769740.5930232558,778624.0058139535,773218.3372093022","96615736.74418604,91314109.79069766,96526049.95348836,90480150.4883721,96699453.73255815,93031959.74418604"
wave_size_11,"64.0,64.0,64.0,64.0,64.0,64.0","64.0,64.0,64.0,64.0,64.0,64.0"
SQ_CYCLES,"5024293.116279069,5017181.534883721,5029882.511627908,5013565.627906976,5030128.186046512,5021079.488372093","327587716.09302324,318819981.0232558,324487217.2093023,332361053.11627907,318321516.372093,326462489.76744187"
SQ_BUSY_CYCLES,"4725533.0813953485,4717898.76744186,4729904.75,4709656.73255814,4714977.575581396,4724289.941860465","315147034.61627907,315860555.6511628,309540869.4883721,318690224.8255814,316488782.9883721,313111149.89534885"
SQ_WAVES,"208.0,208.0,208.0,208.0,210.4186046511628,208.0","1600000.6976744186,1600000.6860465116,1600000.0,1600000.2441860465,1600167.1046511629,1600000.0348837208"
SQ_BUSY_CU_CYCLES,"30684398.244186047,30636466.598837208,30709258.325581394,30578955.087209303,30612229.040697675,30678333.284883723","4050740265.7906976,4056825291.6162786,3981741313.6744184,4097539599.6860466,4072619552.9767447,4026409553.6627903"
SQ_WAVE_CYCLES,"30684398.244186047,30636466.598837208,30709258.325581394,30578955.087209303,30612229.040697675,30678333.284883723","21202513990.011627,21242590633.523254,20809829054.872093,21434299144.360466,21508975436.279068,21050721223.82558"
SQ_INSTS_VALU_CVT,"0.0,0.0,0.0,0.0,0.0,0.0","3200000.0,3200000.0,3200000.0,3200000.0,3200000.0,3200000.0"
SQ_INSTS_VMEM_WR,"469573.9534883721,469583.9534883721,469579.9534883721,469585.9534883721,469597.30232558143,469575.9534883721","44.651162790697676,43.906976744186046,0.0,15.627906976744185,10694.697674418605,2.2325581395348837"
SQ_INSTS_VMEM_RD,"0.0,0.0,0.0,0.0,19.348837209302324,0.0","38400044.65116279,38400043.906976745,38400000.0,38400015.62790698,38410694.697674416,38400002.23255814"
GRBM_COUNT,"628035.6395348837,627146.6918604651,628734.3139534885,626694.703488372,628765.023255814,627633.9360465116","40948463.511627905,39852496.62790698,40560901.15116279,41545130.63953488,39790188.54651163,40807810.22093023"
GRBM_GUI_ACTIVE,"628035.6395348837,627146.6918604651,628734.3139534885,626694.703488372,628541.4360465116,627633.9360465116","39425821.89534883,39513742.8372093,38730175.72093023,39868266.94186047,39650000.616279066,39172153.593023255"
TCP_GATE_EN1_sum,"61703415.02325581,61603537.27906977,61760291.470930226,61496683.55813953,61586578.20930233,61687174.133720934","4097206941.348837,4106478285.2325583,4024331309.7325583,4143267967.0348835,4114795428.3953485,4070736042.94186"
TCP_GATE_EN2_sum,"30561883.88372093,30513081.965116277,30583690.84883721,30456356.906976745,30449767.058139533,30552536.53488372","4052690653.627907,4058869999.9534883,3983420056.2674417,4099670594.3139534,4074112505.418605,4028265667.8023257"
TCP_TD_TCP_STALL_CYCLES_sum,"0.0,0.0,0.0,0.0,0.5406976744186046,0.0","5935314.883720931,5905401.360465117,5968938.197674418,5859656.0813953485,5932277.569767442,5940242.267441861"
TCP_TCR_TCP_STALL_CYCLES_sum,"21572151.38372093,21531312.662790697,21579473.418604653,21425173.43023256,21442204.395348836,21527804.610465117","735925893.9651163,731879408.744186,693296010.627907,769583574.4186046,740121563.4883721,727164653.0"
TA_TA_BUSY_sum,"30532202.273255814,30483576.360465117,30554651.465116277,30426879.244186047,30409279.412790697,30523129.453488372","4015167081.9883723,4020269754.6744184,3948019021.4186044,4061671989.360465,4038299001.639535,3990977454.023256"
TD_TD_BUSY_sum,"30557957.465116277,30509156.558139537,30579766.023255814,30452430.88372093,30445293.505813956,30548610.93023256","4052203548.9651165,4058380185.1744184,3982948717.860465,4099199102.476744,4073622668.127907,4027783187.05814"
TD_TC_STALL_sum,"30055109.872093022,30005794.517441858,30076231.924418606,29949572.174418602,29940118.30232558,30044946.575581394","3427961261.976744,3434189436.883721,3358622957.965116,3475091692.372093,3448099708.883721,3403524712.7441864"
SPI_CSN_WINDOW_VALID,"5024275.261627907,5017165.308139535,5029864.610465117,5013548.703488371,4962681.4941860465,5021063.075581395","327587708.09302324,318819973.0232558,324487209.2093023,332361045.11627907,301471713.10465115,326462481.76744187"
SPI_CSN_BUSY,"4733641.540697674,4725890.540697674,4737977.784883721,4717674.604651162,3319128.9709302327,4732338.360465116","315156078.59302324,315869363.0,309550066.1511628,318699181.59302324,204055707.62790698,313119977.39534885"
CPC_CPC_STAT_BUSY,"628035.6395348837,627146.6918604651,628734.3139534885,626694.703488372,628527.8837209303,627633.9360465116","39425499.30232558,39513484.755813956,38730052.97674419,39868140.38372093,39649219.12790698,39171829.73255814"
CPC_CPC_STAT_IDLE,"0.0,0.0,0.0,0.0,237.13953488372093,0.0","1522964.2093023255,339011.87209302327,1830848.1744186047,1676990.2558139535,140969.41860465115,1635980.488372093"
CPF_CPF_STAT_BUSY,"628035.6395348837,627146.6918604651,628734.3139534885,626694.703488372,628541.4069767442,627633.9360465116","39425821.77906977,39513742.73255814,38730175.60465117,39868266.79069767,39649998.97674418,39172153.5"
CPF_CPF_STAT_STALL,"129.20348837209303,88.27325581395348,97.11627906976744,128.27325581395348,275.25,129.34302325581396","243.6860465116279,271.65116279069764,255.34883720930233,250.4186046511628,5417.767441860466,282.7093023255814"
TCC_CYCLE_sum,"20097140.465116277,20068694.139534883,20119498.04651163,20054230.511627905,20120480.744186047,20084285.953488372","1310350832.372093,1275279892.0930233,1297948836.8372092,1329444180.4651163,1273286033.488372,1305849927.0697675"
TCC_BUSY_sum,"19568502.59883721,19546813.19767442,19588733.046511628,19493830.436046515,19510236.215116277,19553933.93023256","1260757754.3953488,1263585899.6976745,1238337493.6511629,1274937993.4302325,1266114018.639535,1252620155.5813954"
TCC_PROBE_sum,"6607.377906976744,7149.581395348837,7052.360465116279,6599.895348837209,8761.017441860464,6411.796511627907","4731945.872093023,4845451.058139535,4751441.4186046515,4715979.058139535,5585305.186046512,4696078.709302326"
wave_size_12,"64.0,64.0,64.0,64.0,64.0,64.0","64.0,64.0,64.0,64.0,64.0,64.0"
SQ_INSTS_VMEM,"469573.9534883721,469583.9534883721,469599.30232558143,469585.9534883721,469597.30232558143,469575.9534883721","38400261.95348837,38400000.0,38400047.62790698,38400004.46511628,38400000.0,38400090.79069768"
SQ_INSTS_SALU,"940603.9069767442,940623.9069767442,940941.2093023256,940627.9069767442,940937.2093023256,940607.9069767442","44800742.093023255,44800000.0,44800135.02325581,44800012.674418606,44800000.0,44800257.325581394"
SQ_INSTS,"6577779.34883721,6577919.34883721,6578408.988372093,6577947.34883721,6578391.465116279,6577807.34883721","428801664.7790698,428800000.0,428800280.7790698,428800025.872093,428800000.0,428800556.46511626"
SQ_INSTS_VALU,"4696571.534883721,4696671.534883721,4696641.209302326,4696691.534883721,4696621.209302326,4696591.534883721","296000245.5813954,296000000.0,296000044.6511628,296000004.1860465,296000000.0,296000085.11627907"
GRBM_SPI_BUSY,"619710.7441860464,616989.5813953488,618098.761627907,614650.3313953489,618988.4302325582,618848.046511628","39663993.89534883,39342623.04651163,39617392.45348837,39360541.44186047,39188454.8255814,39312870.70930233"
TCP_TA_TCP_STATE_READ_sum,"469573.9534883721,469583.9534883721,469599.30232558143,469585.9534883721,469597.30232558143,469575.9534883721","38400261.95348837,38400000.0,38400047.62790698,38400004.46511628,38400000.0,38400090.79069768"
TD_SPI_STALL_sum,"0.0,0.0,0.0,0.0,0.0,0.0","84932.94186046513,84870.83720930232,84630.04651162791,84961.8953488372,84947.55813953489,84949.31395348837"
TD_LOAD_WAVEFRONT_sum,"469573.9534883721,469583.9534883721,469599.30232558143,469585.9534883721,469597.30232558143,469575.9534883721","38400261.95348837,38400000.0,38400047.62790698,38400004.46511628,38400000.0,38400090.79069768"
SPI_CSN_NUM_THREADGROUPS,"52.0,52.0,52.30232558139535,52.0,52.30232558139535,52.0","100000.31395348837,100000.0,100000.08139534884,100000.01162790698,100000.0,100000.13953488372"
SPI_CSN_WAVE,"208.0,208.0,209.2093023255814,208.0,209.2093023255814,208.0","1600002.0465116277,1600000.0,1600000.3720930233,1600000.0348837208,1600000.0,1600000.7093023257"
CPC_CPC_TCIU_BUSY,"303.12790697674416,303.01162790697674,319.3255813953489,302.97093023255815,322.4127906976744,303.5406976744186","354.9767441860465,367.1744186046512,327.0232558139535,365.8837209302326,364.48837209302326,350.6162790697674"
CPC_CPC_TCIU_IDLE,"631057.4127906977,628810.726744186,1390637.773255814,625850.8488372094,2930308.8081395347,630656.2732558139","39983956.58139535,41730669.0,39748916.46511628,41706480.0,41276982.674418606,41163873.41860465"
CPF_CPF_TCIU_BUSY,"3286.0988372093025,3190.9941860465115,3827.970930232558,3203.8255813953488,3622.5348837209303,3268.406976744186","4552.906976744186,5164.720930232558,3532.360465116279,5196.5465116279065,5280.186046511628,4442.023255813954"
TCC_NC_REQ_sum,"31.6453488372093,31.75581395348837,136.34883720930233,31.83139534883721,77.61046511627907,31.72093023255814","69.23255813953489,59.906976744186046,60.54651162790697,75.05813953488372,59.906976744186046,63.48837209302326"
TCC_UC_REQ_sum,"46.59883720930233,48.8546511627907,52.43023255813954,47.01744186046511,50.593023255813954,51.598837209302324","45.93023255813954,48.44186046511628,43.325581395348834,48.22093023255814,48.47674418604652,46.13953488372093"
TCC_RW_REQ_sum,"7513192.0,7513352.0,7513287.587209302,7513383.976744186,7513315.720930233,7513223.279069767","312712976.03488374,312810755.7790698,312763751.05813956,312794346.3372093,312829494.8488372,312832547.6511628"
wave_size_13,"64.0,64.0,64.0,64.0,64.0,64.0","64.0,64.0,64.0,64.0,64.0,64.0"
SQ_THREAD_CYCLES_VALU,"300580578.23255813,300586978.23255813,300585037.39534885,300588258.23255813,300583138.23255813,300581858.23255813","19150400000.0,19150400000.0,19150400000.0,19150400000.0,19150402143.255814,19150400000.0"
SQ_IFETCH,"1409137.8604651163,1409167.8604651163,1409292.3662790698,1409173.8604651163,1409149.8604651163,1409143.8604651163","81600000.0,81600000.0,81600000.0,81600000.0,81600045.58139536,81600000.0"
SQ_WAVES_EQ_64,"208.0,208.0,208.0,208.0,208.0,208.0","1600000.0,1600000.0,1600000.0,1600000.0,1600000.0,1600000.0"
TCP_TCC_WRITE_REQ_sum,"7513183.2558139535,7513343.2558139535,7513317.953488372,7513375.2558139535,7513247.2558139535,7513215.2558139535","0.0,0.0,0.0,0.0,71.44186046511628,0.0"
TA_FLAT_WAVEFRONTS_sum,"469573.9534883721,469583.9534883721,469579.9534883721,469585.9534883721,469577.9534883721,469575.9534883721","38400000.0,38400000.0,38400000.0,38400000.0,38400000.0,38400000.0"
TA_FLAT_READ_WAVEFRONTS_sum,"0.0,0.0,0.0,0.0,0.0,0.0","38400000.0,38400000.0,38400000.0,38400000.0,38400000.0,38400000.0"
TCC_EA_RDREQ_sum,"48.52906976744186,50.68023255813954,92.86627906976744,52.9593023255814,50.43023255813954,51.07558139534884","410162789.6395349,407890026.0,410803694.5,410428735.8604651,409449029.4767442,409537163.95348835"
TCC_EA_RD_UNCACHED_32B_sum,"94.45348837209302,98.75581395348837,97.70930232558139,103.45348837209303,98.25581395348837,99.54651162790698","94.2093023255814,88.51162790697674,90.67441860465117,87.86046511627907,92.88372093023256,93.0"
wave_size_14,"64.0,64.0,64.0,64.0,64.0,64.0","64.0,64.0,64.0,64.0,64.0,64.0"
SQ_INSTS_SMEM_NORM,"1248.0,1248.0,1248.0,1322.9767441860465,1248.0,1248.0","9600145.627906978,9600000.0,9600000.0,9600008.651162792,9600000.0,9600000.0"
SPI_VWC_CSC_WR,"208.0,208.0,208.0,208.0,208.0,208.0","1600000.0,1600000.0,1600000.0,1600000.0,1600000.0,1600000.0"
TCC_NORMAL_WRITEBACK_sum,"3739958.8779069767,3739464.5174418604,3740003.8197674416,3739531.9593023257,3740178.5465116277,3740165.604651163","243.19767441860466,0.0,0.0,2.697674418604651,0.0,0.0"
TCC_NORMAL_EVICT_sum,"3724001.0813953485,3722949.8953488376,3724043.6104651163,3723296.093023256,3724404.2965116277,3724394.703488372","204947878.24418604,205323945.60465115,205790105.40697676,205256636.24418604,205579801.76744187,205322928.66279072"
wave_size_15,"64.0,64.0,64.0,64.0,64.0,64.0","64.0,64.0,64.0,64.0,64.0,64.0"
wave_size_16,"64.0,64.0,64.0,64.0,64.0,64.0","64.0,64.0,64.0,64.0,64.0,64.0"
GRBM_COUNT.1,"626838.9418604651,814064.569767442,627378.1976744186,625740.0174418605,627992.5755813953,626436.8604651163","42964478.54651163,40338167.0,41372068.1627907,43758425.72093023,52363747.95348837,41596640.44186047"
GRBM_GUI_ACTIVE.1,"626838.9418604651,630244.1453488372,627378.1976744186,625627.7151162791,627992.5755813953,626436.8604651163","39304144.79069768,40241057.15116279,39818264.27906977,40085931.08139535,52354166.930232555,39774901.81395349"
SQ_WAVES.1,"208.0,209.2093023255814,208.0,209.2093023255814,208.0,208.0","1600000.0,1600000.0,1600000.0,1600001.7674418604,1600050.2441860465,1600000.0"
SQ_IFETCH.1,"1409137.8604651163,1409306.784883721,1409155.8604651163,1409304.761627907,1409149.8604651163,1409143.8604651163","81600000.0,81600000.0,81600000.0,81600336.89534885,81617111.6744186,81600000.0"
SQ_IFETCH_LEVEL,"201438.2034883721,201912.68604651163,201448.65697674418,201849.6511627907,201520.86046511628,201453.98837209304","11659709.61627907,11659188.58139535,11660606.46511628,11660571.732558139,11679498.720930234,11660283.360465117"
SQ_ACCUM_PREV_HIRES,"22559871.53488372,22613508.88372093,22561246.76744186,22608584.255813953,22569564.11627907,22560226.255813953","1305938650.6046512,1305869870.0930233,1305945130.3255813,1305976385.1627908,1308047207.9069767,1305935132.5581396"
SQ_INSTS_SMEM.1,"624.0,624.0,624.0,661.4883720930233,624.0,624.0","4800000.0,4800000.0,4800107.779069767,4800000.0,4800000.0,4800226.372093024"
SQ_INST_LEVEL_SMEM,"17248.802325581397,16344.383720930233,17723.93023255814,17882.197674418603,18192.779069767443,17424.45348837209","4184112.395348837,4181281.023255814,4204050.534883721,4193948.348837209,4176183.302325581,4232470.2558139535"
SQ_ACCUM_PREV_HIRES.2,"1933124.8372093025,1832823.906976744,1981940.7906976743,2001684.930232558,2035750.6976744188,1951482.093023256","468500474.4186047,468237430.04651165,470895039.44186044,469699932.46511626,467823944.6511628,473971234.7906977"
SQ_INSTS_VMEM.1,"469573.9534883721,469583.9534883721,469579.9534883721,469585.9534883721,469577.9534883721,469575.9534883721","38400020.8372093,38400208.37209302,38400230.69767442,38400000.0,38400000.0,38400000.0"
SQ_INST_LEVEL_VMEM,"5658741.959302325,5656728.988372093,5650472.936046511,5638130.75,5664643.88372093,5689516.063953488","1149800762.1046512,1159944973.6627908,1161619321.6162791,1154493452.0465117,1163325873.9534883,1159154152.7325583"
SQ_ACCUM_PREV_HIRES.3,"633771999.2325581,633550000.6802325,632847393.1918604,631465234.4418606,634435788.0465117,637219460.0","128777195210.18605,129913357651.12791,130100877437.26744,129302797358.09302,130291997328.27908,129824795053.62791"
SQ_INSTS_VMEM.2,"469573.9534883721,469583.9534883721,469579.9534883721,469585.9534883721,469577.9534883721,469575.9534883721","38400020.8372093,38400208.37209302,38400230.69767442,38400000.0,38400000.0,38400000.0"
SQ_INST_LEVEL_VMEM.1,"5658741.959302325,5656728.988372093,5650472.936046511,5638130.75,5664643.88372093,5689516.063953488","1149800762.1046512,1159944973.6627908,1161619321.6162791,1154493452.0465117,1163325873.9534883,1159154152.7325583"
SQ_ACCUM_PREV_HIRES.4,"633771999.2325581,633550000.6802325,632847393.1918604,631465234.4418606,634435788.0465117,637219460.0","128777195210.18605,129913357651.12791,130100877437.26744,129302797358.09302,130291997328.27908,129824795053.62791"
GRBM_COUNT.2,"628903.4069767443,624427.6337209302,626359.2325581395,626677.2383720931,625022.8081395349,624047.9186046512","41646064.36046512,41940980.18604651,40697647.55813953,39885248.53488372,39720580.406976745,41662696.825581394"
GRBM_GUI_ACTIVE.2,"628903.4069767443,624427.6337209302,626359.2325581395,626556.4476744187,625022.8081395349,624047.9186046512","40089439.08139534,40087619.23255814,38904644.86046512,39828471.52325581,39588639.488372095,40027128.10465116"
CPC_ME1_BUSY_FOR_PACKET_DECODE.1,"625054.2906976745,620625.488372093,622448.796511628,621925.0,621404.0639534884,620300.3779069767","55868.80232558139,57910.03488372093,54602.16279069768,54417.43023255814,57150.27906976744,53628.686046511626"
SQ_CYCLES.1,"5031235.255813954,4995429.069767442,5010881.860465116,5013425.9069767445,5000190.465116279,4992391.34883721","333168522.88372093,335527849.4883721,325581188.46511626,319081996.2790698,317764651.25581396,333301582.60465115"
SQ_WAVES.2,"208.0,208.0,208.0,209.2093023255814,208.0,208.0","1600002.988372093,1600002.4767441861,1600003.441860465,1600000.0,1600016.3139534884,1600000.0"
SQ_WAVE_CYCLES.1,"30697735.145348836,30494381.337209303,30551980.075581394,30464826.93023256,30548098.09883721,30473437.15697674","21540095984.0,21411703869.906975,20955540091.453487,21410449612.953487,21297807736.66279,21510227938.988373"
SQ_BUSY_CYCLES.1,"4727222.430232558,4695434.796511628,4705039.616279069,4691607.848837209,4703833.941860464,4692237.5813953485","320448913.82558143,320413487.0930233,310939057.5232558,318377911.372093,316459053.4186046,319957653.0813954"
SQ_ACCUM_PREV_HIRES.5,"122796463.60465117,121983054.23255813,122213447.30232558,121864871.86046511,122197917.65116279,121899274.37209302","86203106245.76744,85689538395.90698,83864882282.69766,85684520622.7907,85233954563.39536,86083633825.6279"
VALU_Util,"5.403238920802451,5.428562796606182,5.404379445099333,5.427686819185132,5.396477606580769,5.3990176855211125","11.222878779773286,11.224368747577739,11.302549932126404,11.160305061891979,11.165556306782067,11.28715859030801"
GPU_Activity,"100.0,100.0,100.0,100.0,99.9858998755589,100.0","99.09734167043001,99.53200254161916,98.96491441606594,99.12960901851655,99.77055809995943,99.1056583350425"
GPU_Occupancy,"27.13251935424134,27.279480281228736,27.141947327911772,27.275486627572903,27.102062030366156,27.110892275437266","50.66972731414367,50.67482454160854,51.02908934516491,50.38733013050188,50.451427008903664,50.95994716634728"
SALU_Util,"1.1160380780946744,1.121204527238863,1.1160424450674027,1.1210182350073365,1.1142467359970598,1.1149277145852232","1.8505810753881482,1.8508267615686695,1.8637182991410364,1.8402676305092371,1.8411289654800218,1.8611803120110253"
VALU_threads_per_wave_avg,"64.0,64.0,64.00007754800208,64.0,64.0,64.0","63.664893617021285,63.664893617021285,63.66489066375064,63.664893617021285,63.66490074220683,63.66488682453403"
TCC_RW_REQ_std,"0.9929080417576074,0.8588320155329145,1.0809234639962138,0.7715738183210451,1.0191289196017832,1.029328539014722","733.8208470642575,1580.8824199448684,776.1262547980606,1881.4507143491087,1142.908074090082,1477.667707060637"
TCC_HIT_std,"4.198420769218973,3.8059776178272027,3.8305142894337716,3.8478872774030384,7.424561099262185,3.7505703027088924","2203.4426590094117,2152.3063559306065,2163.1263848058907,2894.6610643339327,3242.8347565675817,2992.8027487181002"
TCC_MISS_std,"0.893488485341525,0.5556076479572089,0.9655568007359467,0.5254691028778851,0.9649365534367921,0.9808859783820693","2030.4773339178255,2641.9469827518565,2327.697348967235,2837.191797563571,2302.700785329275,2960.2697110942795"
TCC_READ_std,"4.590110663201077,3.9523130601447543,4.33052537117664,3.8571320192247027,7.459027788358619,4.0259250282207555","978.1434673962582,2195.909146689066,997.3619973831832,831.9807875076973,1323.354435360133,1340.4348112554137"
TCC_REQ_std,"4.590110663195598,3.974386328231857,4.246594698250717,3.9251656474034706,7.487074505244022,3.9731385760355704","978.1434673962582,2195.909146689066,997.3619973831832,832.1145565730374,1323.4944358712235,1340.4781328170245"
TCC_EA_RDREQ_std,"926.2781667096829,924.1688784858529,1050.7025726330435,909.6911461999575,1017.3040865574268,4479.895110316905","2428244263.298992,2426026222.9844728,2407653367.4662967,2402239665.901288,2461856687.1905,2433641977.317136"
TCC_EA_RDREQ_DRAM_CREDIT_STALL_std,"0.0,0.0,0.0,0.0,0.0,0.0","98097.43005656566,111558.39964078857,135276.5847967335,117195.93194404998,102782.17764509968,110523.58680951162"
TCC_EA_RDREQ_LEVEL_std,"919.5396821800994,1064.9536291780882,1387.8666522877188,915.3064542777356,1278.0959239288475,2533.5181107881435","159156873.35254943,160081029.14282966,160779131.93283522,153501108.0079507,162163649.285705,161650396.41746464"
TCC_EA_WRREQ_std,"32416769.772637367,32637664.224836957,32581621.699958052,32718042.608133785,32885939.7891537,32810757.940582555","0.0,0.0,24.82827944725687,0.0,1209.495588486744,0.0"
TCC_EA_WRREQ_64B_std,"0.2947187662773721,0.5720855327690696,0.46759408922788487,0.5463598484787545,1.0325466897101394,0.39989552710485743","0.0,0.0,4.730836726654824,0.0,0.8968282002951976,0.0"
TCC_EA_WRREQ_DRAM_CREDIT_STALL_std,"3095.2277268325506,3818.019635504161,3717.416406796513,5211.133754270901,3497.363642513699,4246.478972898801","0.0,0.0,0.0,0.0,0.0,0.0"
TCC_EA_WRREQ_LEVEL_std,"2244031.3812451214,2473907.0727040526,2558029.524331789,2784265.181267936,2274945.1938803536,2490513.678295479","0.0,0.0,0.0,0.0,0.0,0.0"
runtime,"371633.5813953488,372899.2034883721,369277.9011627907,371108.70930232556,371347.2965116279,372183.25581395347","26256093.802325584,25850902.860465117,26390859.43023256,25541989.3372093,26689252.546511628,28850540.30232558"
SSoLSoL_VALU_FLOPs,"0.0,0.0,0.0,0.0,0.0,0.0","328.25,328.79,330.22,329.08,330.23,330.88"
SSoLSoL_VALU_IOPs,"370.44,370.16,374.9,371.87,375.5,369.64","624.94,625.96,628.68,626.52,628.71,629.94"
SSoLSoL_Active_CUs,"45.0,45.0,45.0,45.0,45.0,45.0","104.0,104.0,104.0,104.0,104.0,104.0"
SSoLSoL_SALU_Util,"1.12,1.11,1.11,1.12,1.12,1.12","1.85,1.86,1.84,1.86,1.85,1.84"
SSoLSoL_VALU_Util,"5.4,5.4,5.4,5.4,5.43,5.43","11.22,11.29,11.17,11.3,11.22,11.16"
SSoLSoL_VALU_Active_Threads/Wave,"64.0,64.0,64.0,64.0,64.0,64.0","63.66,63.66,63.66,63.66,63.66,63.66"
SSoLSoL_IPC_-_Issue,"1.0,1.0,1.0,1.0,1.0,1.0","0.99,0.99,0.99,0.99,0.99,0.99"
SSoLSoL_Instr_Cache_Hit_Rate,"99.99,99.99,99.99,99.99,99.99,99.99","100.0,100.0,100.0,100.0,100.0,100.0"
SSoLSoL_Instr_Cache_BW,"222.44,222.27,225.13,223.29,225.48,221.95","321.94,322.46,323.87,322.76,323.88,324.52"
SSoLSoL_Scalar_L1D_Cache_Hit_Rate,"86.88,86.74,86.83,86.91,86.26,86.75","100.0,100.0,100.0,100.0,100.0,100.0"
SSoLSoL_Scalar_L1D_Cache_BW,"2.58,2.6,2.71,2.61,2.73,2.54","18.94,18.97,19.05,18.99,19.05,19.09"
SSoLSoL_Vector_L1D_Cache_BW,"1177.16,1176.2,1191.01,1181.63,1192.89,1174.7","2424.01,2427.97,2438.51,2430.16,2438.65,2443.41"
SSoLSoL_L2_Cache_Hit_Rate,"50.01,50.01,50.01,50.01,50.01,50.01","34.86,34.43,34.68,34.69,34.86,34.75"
SSoLSoL_L2-Fabric_Read_BW,"0.03,0.03,0.03,0.04,0.03,0.03","902.58,898.39,909.11,905.26,907.02,924.54"
SSoLSoL_L2-Fabric_Write_BW,"1052.68,1051.1,1060.08,1054.67,1061.95,1050.87","0.0,0.0,0.0,0.0,0.0,0.0"
SSoLSoL_L2-Fabric_Read_Latency,"1142.69,1170.24,1360.16,1149.49,1144.37,1131.09","437.42,463.6,554.99,430.14,449.32,427.59"
SSoLSoL_L2-Fabric_Write_Latency,"405.05,395.07,395.77,393.16,393.78,391.5","0.0,0.0,0.0,0.0,0.0,0.0"
SSoLSoL_Wave_Occupancy,"148.07,148.45,148.06,148.6,148.71,148.42","2143.6,2150.13,2149.77,2147.13,2135.92,2146.28"
SSoLSoL_Instr_Fetch_BW,"111.22,111.14,112.56,111.65,112.74,110.98","160.97,161.23,161.95,161.38,161.94,162.26"
SSoLSoL_Instr_Fetch_Latency,"16.49,16.47,16.48,16.47,16.48,16.48","16.0,16.0,16.03,16.0,16.0,16.0"
CPF_GPU_Busy_Cycles_avg,"628035.64,627633.94,628541.44,628734.31,627146.69,626694.7","39425821.9,39172153.59,39650000.62,38730175.72,39513742.84,39868266.94"
CPF_GPU_Busy_Cycles_min,"14534.0,13906.0,14515.0,13070.0,13877.0,13834.0","11914097.0,11889863.0,11884369.0,11873684.0,11851934.0,11836319.0"
CPF_GPU_Busy_Cycles_max,"4940603.0,5078161.0,4728322.0,4820002.0,4787270.0,4878853.0","69445906.0,69626997.0,69054232.0,64450680.0,68913637.0,69519653.0"
CPF_CPF_Busy_avg,"628035.64,627633.94,628541.41,628734.31,627146.69,626694.7","39425821.78,39172153.5,39649998.98,38730175.6,39513742.73,39868266.79"
CPF_CPF_Busy_min,"14534.0,13906.0,14515.0,13070.0,13877.0,13834.0","11914097.0,11889863.0,11884369.0,11873684.0,11851934.0,11836319.0"
CPF_CPF_Busy_max,"4940603.0,5078161.0,4728322.0,4820002.0,4787270.0,4878853.0","69445899.0,69626991.0,69054230.0,64450680.0,68913637.0,69519647.0"
CPF_CPF_Util_avg,"100.0,100.0,100.0,100.0,99.54,99.48","99.06,98.8,99.03,99.06,99.02,98.82"
CPF_CPF_Util_min,"100.0,100.0,100.0,100.0,20.56,10.12","32.69,27.99,28.29,27.6,29.17,24.38"
CPF_CPF_Util_max,"100.0,100.0,100.0,100.0,100.0,100.0","100.0,100.0,100.0,100.0,100.0,100.0"
CPF_CPF_Stall_avg,"0.0,0.0,0.01,0.0,0.0,0.0","0.0,0.0,0.01,0.0,0.0,0.0"
CPF_CPF_Stall_max,"0.3,0.3,1.29,0.31,0.26,0.3","0.02,0.02,0.13,0.02,0.02,0.02"
CPF_L2Cache_Intf_Busy_avg,"3286.1,3268.41,3622.53,3827.97,3190.99,3203.83","4552.91,4442.02,5280.19,3532.36,5164.72,5196.55"
CPF_L2Cache_Intf_Busy_min,"1508.0,1506.0,1418.0,1469.0,1536.0,1529.0","2369.0,2034.0,2195.0,2087.0,2132.0,2064.0"
CPF_L2Cache_Intf_Busy_max,"22310.0,24497.0,110743.0,82440.0,22341.0,23625.0","79449.0,84254.0,78094.0,79129.0,77979.0,78326.0"
CPF_L2Cache_Intf_Util_avg,"5.06,4.81,4.86,4.86,4.89,5.03","0.01,0.01,0.01,0.01,0.01,0.01"
CPF_L2Cache_Intf_Util_min,"0.05,0.04,0.05,0.06,0.04,0.02","0.0,0.0,0.0,0.0,0.0,0.0"
CPF_L2Cache_Intf_Util_max,"20.62,17.52,18.21,17.48,20.38,18.22","0.14,0.13,0.13,0.14,0.17,0.12"
CPF_UTCL1_Stall_avg,"137.47,91.43,88.16,91.02,126.34,129.33","264.58,233.87,242.36,395.76,237.57,257.84"
CPF_UTCL1_Stall_max,"9137.0,7929.0,7775.0,8046.0,7963.0,8263.0","11878.0,10222.0,10520.0,13662.0,10530.0,12071.0"
CPC_GPU_Busy_Cycles_avg,"628035.64,627633.94,628541.44,628734.31,627146.69,626694.7","39425821.9,39172153.59,39650000.62,38730175.72,39513742.84,39868266.94"
CPC_GPU_Busy_Cycles_min,"14534.0,13906.0,14515.0,13070.0,13877.0,13834.0","11914097.0,11889863.0,11884369.0,11873684.0,11851934.0,11836319.0"
CPC_GPU_Busy_Cycles_max,"4940603.0,5078161.0,4728322.0,4820002.0,4787270.0,4878853.0","69445906.0,69626997.0,69054232.0,64450680.0,68913637.0,69519653.0"
CPC_CPC_Busy_Cycles_avg,"628035.64,627633.94,628527.88,628734.31,627146.69,626694.7","39425499.3,39171829.73,39649219.13,38730052.98,39513484.76,39868140.38"
CPC_CPC_Busy_Cycles_min,"14534.0,13906.0,14515.0,13070.0,13877.0,13834.0","11914097.0,11889863.0,11884369.0,11873684.0,11851934.0,11836319.0"
CPC_CPC_Busy_Cycles_max,"4940603.0,5078161.0,4728322.0,4820002.0,4787270.0,4878853.0","69440701.0,69621713.0,69053066.0,64450680.0,68913637.0,69514524.0"
CPC_CPC_Util_avg,"100.0,100.0,99.99,100.0,100.0,100.0","99.1,99.11,99.77,98.96,99.53,99.13"
CPC_CPC_Util_min,"100.0,100.0,97.81,100.0,100.0,100.0","36.25,34.27,82.8,26.96,75.15,33.33"
CPC_CPC_Util_max,"100.0,100.0,100.0,100.0,100.0,100.0","100.0,100.0,100.0,100.0,100.0,100.0"
CPC_CPC_Stall_Cycles_avg,"91655.61,92140.99,90785.17,93469.65,94244.89,94848.41","24615.42,30658.2,24564.45,32076.37,23141.79,31086.09"
CPC_CPC_Stall_Cycles_min,"6628.0,6960.0,6444.0,6978.0,6816.0,6620.0","12091.0,11991.0,11762.0,12349.0,11957.0,12286.0"
CPC_CPC_Stall_Cycles_max,"667346.0,643498.0,635502.0,803483.0,943587.0,962594.0","552166.0,610503.0,591196.0,732623.0,413745.0,686762.0"
CPC_CPC_Stall_Rate_avg,"28.35,28.33,26.77,28.56,28.5,28.72","0.07,0.08,0.07,0.09,0.07,0.08"
CPC_CPC_Stall_Rate_min,"12.73,12.51,10.13,12.76,13.08,12.63","0.02,0.03,0.02,0.03,0.03,0.02"
CPC_CPC_Stall_Rate_max,"65.36,65.41,61.73,64.87,70.39,67.07","0.81,0.88,1.21,1.35,0.78,0.99"
CPC_CPC_Packet_Decoding_avg,"626660.22,623048.03,622783.9,623688.65,624242.0,620199.25","54085.05,53844.58,55237.7,54445.93,55110.53,54162.58"
CPC_CPC_Packet_Decoding_min,"10697.0,10648.0,10538.0,10566.0,10520.0,10823.0","27303.0,27242.0,27524.0,27534.0,27130.0,27635.0"
CPC_CPC_Packet_Decoding_max,"4810069.0,4689240.0,4951945.0,4741202.0,4839945.0,4980086.0","85935.0,89253.0,85968.0,102989.0,88131.0,83589.0"
CPC_SPI_Intf_Busy_Cycles_avg,"560.58,560.47,560.48,560.62,560.55,560.51","38937776.08,39394419.26,39113504.42,39598653.21,39153771.05,39813259.29"
CPC_SPI_Intf_Busy_Cycles_min,"559.0,559.0,559.0,559.0,559.0,559.0","11827566.0,11887450.0,11850653.0,11872958.0,11853111.0,11829925.0"
CPC_SPI_Intf_Busy_Cycles_max,"562.0,562.0,562.0,562.0,562.0,562.0","69223568.0,68996562.0,65164777.0,68070775.0,67260681.0,67520450.0"
CPC_SPI_Intf_Util_avg,"1.08,1.07,1.06,1.07,1.08,1.08","99.08,100.67,99.14,101.99,99.54,99.87"
CPC_SPI_Intf_Util_min,"0.01,0.01,0.01,0.01,0.01,0.01","74.3,88.02,81.1,78.42,75.44,83.3"
CPC_SPI_Intf_Util_max,"3.85,4.04,3.86,4.3,4.04,4.05","116.86,135.69,129.75,151.66,140.29,115.18"
CPC_L2Cache_Intf_Util_avg,"0.57,0.57,0.58,0.57,0.58,0.57","0.0,0.0,0.0,0.0,0.0,0.0"
CPC_L2Cache_Intf_Util_min,"0.01,0.01,0.0,0.0,0.01,0.01","0.0,0.0,0.0,0.0,0.0,0.0"
CPC_L2Cache_Intf_Util_max,"2.17,2.15,2.19,2.15,2.18,2.15","0.0,0.0,0.0,0.0,0.0,0.0"
CPC_UTCL1_Stall_Cycles_avg,"2033.23,2118.01,2148.33,2104.37,2085.6,2106.68","3628.93,3812.35,3825.57,3723.94,3677.28,3736.26"
CPC_UTCL1_Stall_Cycles_min,"540.0,545.0,540.0,545.0,545.0,543.0","3146.0,3226.0,3266.0,3180.0,3178.0,3207.0"
CPC_UTCL1_Stall_Cycles_max,"5634.0,4910.0,6737.0,5105.0,9637.0,9928.0","12127.0,11003.0,11143.0,10976.0,11722.0,11975.0"
CPC_UTCL2_Intf_Busy_Cycles_avg,"2341.26,2357.16,2282.73,2264.2,2396.98,2337.17","4042.23,3946.99,3773.3,3935.19,4058.88,3942.86"
CPC_UTCL2_Intf_Busy_Cycles_min,"814.0,814.0,814.0,814.0,814.0,814.0","3472.0,3523.0,814.0,3372.0,3640.0,3446.0"
CPC_UTCL2_Intf_Busy_Cycles_max,"5012.0,5604.0,5965.0,6379.0,5377.0,5338.0","13780.0,12824.0,11247.0,11796.0,11800.0,11996.0"
CPC_UTCL2_Intf_Util_avg,"4.14,4.18,4.0,3.99,4.32,4.15","0.02,0.01,0.01,0.01,0.02,0.01"
CPC_UTCL2_Intf_Util_min,"0.02,0.02,0.02,0.02,0.02,0.02","0.01,0.0,0.0,0.01,0.01,0.01"
CPC_UTCL2_Intf_Util_max,"19.0,21.28,18.25,19.48,21.58,19.68","0.04,0.04,0.04,0.04,0.04,0.04"
SS_GPU_Busy_avg,"628035.64,627633.94,628541.44,628734.31,627146.69,626694.7","39425821.9,39172153.59,39650000.62,38730175.72,39513742.84,39868266.94"
SS_GPU_Busy_min,"14534.0,13906.0,14515.0,13070.0,13877.0,13834.0","11914097.0,11889863.0,11884369.0,11873684.0,11851934.0,11836319.0"
SS_GPU_Busy_max,"4940603.0,5078161.0,4728322.0,4820002.0,4787270.0,4878853.0","69445906.0,69626997.0,69054232.0,64450680.0,68913637.0,69519653.0"
SS_CS_Busy_avg,"4733641.54,4732338.36,3319128.97,4737977.78,4725890.54,4717674.6","315156078.59,313119977.4,204055707.63,309550066.15,315869363.0,318699181.59"
SS_CS_Busy_min,"31259.0,31124.0,0.0,31256.0,33202.0,31396.0","95118720.0,94959416.0,0.0,94822114.0,94664190.0,94539668.0"
SS_CS_Busy_max,"37789783.0,38836575.0,32417618.0,36875704.0,36992230.0,37320017.0","551462642.0,552562986.0,542094273.0,515422880.0,551040104.0,552453570.0"
SS_SPI_Busy_avg,"619710.74,618848.05,618988.43,618098.76,616989.58,614650.33","39663993.9,39312870.71,39188454.83,39617392.45,39342623.05,39360541.44"
SS_SPI_Busy_min,"4781.0,4669.0,4666.0,4773.0,4669.0,4669.0","11837212.0,11850532.0,11902047.0,11836652.0,11852556.0,11861732.0"
SS_SPI_Busy_max,"4845050.0,4990758.0,4765334.0,4979444.0,4737197.0,4769004.0","69194650.0,69406736.0,68337172.0,67513078.0,66692126.0,68361404.0"
SS_SQ_Busy_avg,"4725533.08,4724289.94,4714977.58,4729904.75,4717898.77,4709656.73","315147034.62,313111149.9,316488782.99,309540869.49,315860555.65,318690224.83"
SS_SQ_Busy_min,"24572.0,24519.0,24320.0,24663.0,26621.0,24809.0","95110586.0,94951278.0,94895943.0,94813702.0,94655792.0,94531550.0"
SS_SQ_Busy_max,"37780648.0,38827856.0,36644500.0,36867563.0,36984110.0,37311173.0","551447861.0,552547973.0,551342156.0,515413389.0,551030877.0,552438518.0"
SS_Dispatched_Workgroups_avg,"52.0,52.0,52.3,52.3,52.0,52.0","100000.31,100000.14,100000.0,100000.08,100000.0,100000.01"
SS_Dispatched_Workgroups_min,"52.0,52.0,52.0,52.0,52.0,52.0","100000.0,100000.0,100000.0,100000.0,100000.0,100000.0"
SS_Dispatched_Workgroups_max,"52.0,52.0,104.0,104.0,52.0,52.0","100027.0,100012.0,100000.0,100007.0,100000.0,100001.0"
SS_Dispatched_Wavefronts_avg,"208.0,208.0,209.21,209.21,208.0,208.0","1600002.05,1600000.71,1600000.0,1600000.37,1600000.0,1600000.03"
SS_Dispatched_Wavefronts_min,"208.0,208.0,208.0,208.0,208.0,208.0","1600000.0,1600000.0,1600000.0,1600000.0,1600000.0,1600000.0"
SS_Dispatched_Wavefronts_max,"208.0,208.0,416.0,416.0,208.0,208.0","1600176.0,1600061.0,1600000.0,1600032.0,1600000.0,1600003.0"
SS_Wave_Alloc_Failed_avg,"12.0,12.0,12.0,12.0,12.0,12.0","69674707.55,70259121.2,69865996.88,69408415.4,70035877.19,68854426.08"
SS_Wave_Alloc_Failed_min,"12.0,12.0,12.0,12.0,12.0,12.0","12906023.0,12825805.0,12514287.0,13091438.0,12754603.0,12961131.0"
SS_Wave_Alloc_Failed_max,"12.0,12.0,12.0,12.0,12.0,12.0","120369787.0,120619477.0,123227053.0,126324201.0,119265683.0,126297591.0"
SS_Wave_Alloc_Failed_-_CS_avg,"220.0,220.0,220.0,220.0,220.65,221.21","47031510.6,47992389.92,47723680.43,46975477.59,47880800.05,46619087.05"
SS_Wave_Alloc_Failed_-_CS_min,"220.0,220.0,220.0,220.0,220.0,220.0","2099469.0,1895530.0,1986253.0,2333647.0,2036881.0,1943794.0"
SS_Wave_Alloc_Failed_-_CS_max,"220.0,220.0,220.0,220.0,332.0,428.0","84778465.0,87879341.0,87401660.0,88553903.0,83518697.0,84609588.0"
SRA_Wave_request_Failed_(CS)_avg,"220.0,220.0,220.0,220.0,220.65,221.21","47031510.6,47992389.92,47723680.43,46975477.59,47880800.05,46619087.05"
SRA_Wave_request_Failed_(CS)_min,"220.0,220.0,220.0,220.0,220.0,220.0","2099469.0,1895530.0,1986253.0,2333647.0,2036881.0,1943794.0"
SRA_Wave_request_Failed_(CS)_max,"220.0,220.0,220.0,220.0,332.0,428.0","84778465.0,87879341.0,87401660.0,88553903.0,83518697.0,84609588.0"
SRA_CS_Stall_avg,"0.0,0.0,0.0,0.0,0.0,0.0","24121205.58,24076458.41,23440085.02,23845819.38,24199162.57,23946822.33"
SRA_CS_Stall_min,"0.0,0.0,0.0,0.0,0.0,0.0","3490925.0,3536917.0,4084614.0,3995654.0,3783178.0,3830458.0"
SRA_CS_Stall_max,"0.0,0.0,0.0,0.0,0.0,0.0","47070882.0,44770415.0,41522325.0,42561040.0,41854516.0,43086455.0"
SRA_CS_Stall_Rate_avg,"0.0,0.0,0.0,0.0,0.0,0.0","64.97,65.22,63.33,63.82,65.7,65.01"
SRA_CS_Stall_Rate_min,"0.0,0.0,0.0,0.0,0.0,0.0","28.23,28.63,31.78,32.76,31.4,29.71"
SRA_CS_Stall_Rate_max,"0.0,0.0,0.0,0.0,0.0,0.0","173.95,188.8,176.22,179.19,182.92,172.98"
SRA_Insufficient_SIMD_Waveslots_avg,"0.0,0.0,0.0,0.0,0.0,0.0","1175394048.1,1138589774.63,1166989192.62,1186949180.5,1191031652.81,1144814054.71"
SRA_Insufficient_SIMD_Waveslots_min,"0.0,0.0,0.0,0.0,0.0,0.0","167887281.0,189091748.0,185560147.0,187564970.0,200945181.0,180691253.0"
SRA_Insufficient_SIMD_Waveslots_max,"0.0,0.0,0.0,0.0,0.0,0.0","2139943648.0,2001061983.0,2378674706.0,2170257915.0,2031870481.0,2221941503.0"
SRA_Insufficient_SIMD_VGPRs_avg,"0.0,0.0,0.0,0.0,0.0,0.0","1182759246.33,1145698350.88,1174408832.49,1193926382.06,1198500907.67,1151825391.8"
SRA_Insufficient_SIMD_VGPRs_min,"0.0,0.0,0.0,0.0,0.0,0.0","168737224.0,190285113.0,187440256.0,189596530.0,203043146.0,181836446.0"
SRA_Insufficient_SIMD_VGPRs_max,"0.0,0.0,0.0,0.0,0.0,0.0","2159440489.0,2009963956.0,2392857337.0,2184502945.0,2047555033.0,2233206900.0"
SRA_VGPR_Writes_avg,"4.0,4.0,3.99,3.99,4.0,4.0","4.0,4.0,4.0,4.0,4.0,4.0"
SRA_VGPR_Writes_min,"4.0,4.0,2.0,2.0,4.0,4.0","4.0,4.0,4.0,4.0,4.0,4.0"
SRA_VGPR_Writes_max,"4.0,4.0,4.0,4.0,4.0,4.0","4.0,4.0,4.0,4.0,4.0,4.0"
SRA_SGPR_Writes_avg,"2.0,2.0,1.16,1.99,2.0,2.0","2.0,2.0,1.16,2.0,2.0,2.0"
SRA_SGPR_Writes_min,"2.0,2.0,0.0,1.0,2.0,2.0","2.0,2.0,0.0,2.0,2.0,2.0"
SRA_SGPR_Writes_max,"2.0,2.0,2.0,2.0,2.0,2.0","2.0,2.0,2.0,2.0,2.0,2.0"
WLS_Grid_Size_avg,"13312.0,13312.0,13312.0,13312.0,13312.0,13312.0","102400000.0,102400000.0,102400000.0,102400000.0,102400000.0,102400000.0"
WLS_Grid_Size_min,"13312.0,13312.0,13312.0,13312.0,13312.0,13312.0","102400000.0,102400000.0,102400000.0,102400000.0,102400000.0,102400000.0"
WLS_Grid_Size_max,"13312.0,13312.0,13312.0,13312.0,13312.0,13312.0","102400000.0,102400000.0,102400000.0,102400000.0,102400000.0,102400000.0"
WLS_Workgroup_Size_avg,"256.0,256.0,256.0,256.0,256.0,256.0","1024.0,1024.0,1024.0,1024.0,1024.0,1024.0"
WLS_Workgroup_Size_min,"256.0,256.0,256.0,256.0,256.0,256.0","1024.0,1024.0,1024.0,1024.0,1024.0,1024.0"
WLS_Workgroup_Size_max,"256.0,256.0,256.0,256.0,256.0,256.0","1024.0,1024.0,1024.0,1024.0,1024.0,1024.0"
WLS_Total_Wavefronts_avg,"208.0,208.0,209.21,209.21,208.0,208.0","1600002.05,1600000.71,1600000.0,1600000.37,1600000.0,1600000.03"
WLS_Total_Wavefronts_min,"208.0,208.0,208.0,208.0,208.0,208.0","1600000.0,1600000.0,1600000.0,1600000.0,1600000.0,1600000.0"
WLS_Total_Wavefronts_max,"208.0,208.0,416.0,416.0,208.0,208.0","1600176.0,1600061.0,1600000.0,1600032.0,1600000.0,1600003.0"
WLS_Restored_Wavefronts_avg,"0.0,0.0,3.63,0.0,0.0,0.0","0.0,0.8,229.44,0.0,0.0,0.05"
WLS_Restored_Wavefronts_max,"0.0,0.0,208.0,0.0,0.0,0.0","0.0,69.0,4554.0,0.0,0.0,4.0"
WLS_VGPRs_avg,"8.0,8.0,8.0,8.0,8.0,8.0","60.0,60.0,60.0,60.0,60.0,60.0"
WLS_VGPRs_min,"8.0,8.0,8.0,8.0,8.0,8.0","60.0,60.0,60.0,60.0,60.0,60.0"
WLS_VGPRs_max,"8.0,8.0,8.0,8.0,8.0,8.0","60.0,60.0,60.0,60.0,60.0,60.0"
WLS_AGPRs_avg,"0.0,0.0,0.0,0.0,0.0,0.0","4.0,4.0,4.0,4.0,4.0,4.0"
WLS_AGPRs_min,"0.0,0.0,0.0,0.0,0.0,0.0","4.0,4.0,4.0,4.0,4.0,4.0"
WLS_AGPRs_max,"0.0,0.0,0.0,0.0,0.0,0.0","4.0,4.0,4.0,4.0,4.0,4.0"
WLS_SGPRs_avg,"16.0,16.0,16.0,16.0,16.0,16.0","16.0,16.0,16.0,16.0,16.0,16.0"
WLS_SGPRs_min,"16.0,16.0,16.0,16.0,16.0,16.0","16.0,16.0,16.0,16.0,16.0,16.0"
WLS_SGPRs_max,"16.0,16.0,16.0,16.0,16.0,16.0","16.0,16.0,16.0,16.0,16.0,16.0"
WRS_Kernel_Time_(Nanosec)_avg,"371633.56,372183.22,371347.36,369277.86,372899.21,371108.69","26256093.7,28850540.25,26689252.47,26390859.47,25850902.9,25541989.35"
WRS_Kernel_Time_(Nanosec)_min,"2560.0,2720.0,2560.0,2720.0,2400.0,2720.0","7450883.5,7472794.5,7453905.0,7474832.0,7482103.5,7489614.5"
WRS_Kernel_Time_(Nanosec)_max,"2917920.5,2923840.0,2908636.5,2872796.5,2997607.0,2936804.0","200123599.5,416092215.5,255736489.0,212042885.0,184793187.5,181909194.0"
WRS_Kernel_Time_(Cycles)_avg,"628035.64,627633.94,628541.44,628734.31,627146.69,626694.7","39425821.9,39172153.59,39650000.62,38730175.72,39513742.84,39868266.94"
WRS_Kernel_Time_(Cycles)_min,"14534.0,13906.0,14515.0,13070.0,13877.0,13834.0","11914097.0,11889863.0,11884369.0,11873684.0,11851934.0,11836319.0"
WRS_Kernel_Time_(Cycles)_max,"4940603.0,5078161.0,4728322.0,4820002.0,4787270.0,4878853.0","69445906.0,69626997.0,69054232.0,64450680.0,68913637.0,69519653.0"
WRS_Instr/wavefront_avg,"31623.94,31624.07,30858.0,31626.97,31624.61,31624.75","268.0,268.0,267.97,268.0,268.0,268.0"
WRS_Instr/wavefront_min,"69.69,69.83,69.96,70.1,70.37,70.5","268.0,268.0,267.32,268.0,267.99,268.0"
WRS_Instr/wavefront_max,"246461.08,246461.21,246461.35,246461.48,246461.75,246461.88","268.08,268.03,268.0,268.02,268.0,268.0"
WRS_Wave_Cycles_avg,"590084.58,589967.95,574239.11,590562.66,589162.82,588056.83","53006.25,52626.8,53764.53,52024.57,53106.45,53585.74"
WRS_Wave_Cycles_min,"2848.63,2857.58,2826.71,2876.79,3116.0,2894.77","13397.21,13154.08,13405.27,13708.36,13403.33,12894.09"
WRS_Wave_Cycles_max,"4720535.17,4852114.73,4578664.85,4604949.6,4616979.19,4659871.9","94248.73,92684.81,95582.17,85228.39,90384.38,95406.7"
WRS_Dependency_Wait_Cycles_avg,"93462.87,93469.97,91270.37,93531.35,93516.5,93506.55","6469.87,6490.69,6477.73,6580.54,6529.61,6482.65"
WRS_Dependency_Wait_Cycles_min,"2555.73,2577.1,2533.94,2520.17,2598.63,2603.33","1941.61,1931.98,1943.17,1936.5,1943.2,1930.19"
WRS_Dependency_Wait_Cycles_max,"708710.0,708644.15,708927.52,709577.65,707814.42,709191.42","11258.48,10788.19,11297.67,11357.71,11276.46,11165.88"
WRS_Issue_Wait_Cycles_avg,"372432.78,369193.94,358449.51,368992.99,368827.5,366261.58","45511.16,45017.06,45300.83,45574.15,46022.53,44958.47"
WRS_Issue_Wait_Cycles_min,"23.31,23.04,21.88,22.23,22.58,22.1","10461.82,9886.46,10354.43,10178.04,10052.18,10149.61"
WRS_Issue_Wait_Cycles_max,"2926652.94,2851163.88,3037081.25,2855471.12,2947213.56,3066481.29","82045.83,79452.28,80457.58,81103.39,80990.51,80198.39"
WRS_Active_Cycles_avg,"126487.76,126488.3,123413.36,126489.37,126490.45,126490.99","984.0,984.0,983.9,984.0,984.0,984.0"
WRS_Active_Cycles_min,"270.77,271.31,271.85,272.38,273.46,274.0","983.96,984.0,981.51,984.0,983.96,983.99"
WRS_Active_Cycles_max,"985836.31,985836.85,985837.38,985837.92,985839.0,985839.54","984.0,984.05,984.0,984.02,984.0,984.0"
WRS_Wavefront_Occupancy_avg,"148.07,148.45,148.06,148.6,148.71,148.42","2143.6,2150.13,2149.77,2147.13,2135.92,2146.28"
WRS_Wavefront_Occupancy_min,"42.44,42.74,40.59,40.56,41.92,41.59","1562.29,1606.34,1627.58,1589.85,1591.73,1630.65"
WRS_Wavefront_Occupancy_max,"200.64,200.48,201.03,200.63,200.85,201.37","2644.32,2660.03,2646.62,2647.72,2653.14,2662.04"
IM_VALU_-_Vector_avg,"22579.67,22579.77,22030.76,22580.01,22580.15,22580.25","185.0,185.0,184.98,185.0,185.0,185.0"
IM_VALU_-_Vector_min,"40.92,41.02,41.12,41.21,41.4,41.5","185.0,185.0,184.53,185.0,184.99,185.0"
IM_VALU_-_Vector_max,"176034.77,176034.87,176034.96,176035.06,176035.25,176035.35","185.01,185.0,185.0,185.0,185.0,185.0"
IM_VMEM_avg,"2257.57,2257.58,2202.77,2257.69,2257.62,2257.62","24.0,24.0,24.0,24.0,24.0,24.0"
IM_VMEM_min,"3.69,3.7,3.71,3.72,3.74,3.75","24.0,24.0,23.94,24.0,24.0,24.0"
IM_VMEM_max,"17603.08,17603.09,17603.1,17603.11,17603.12,17603.13","24.01,24.0,24.0,24.0,24.0,24.0"
IM_SALU_avg,"4522.13,4522.15,4413.87,4523.76,4522.23,4522.25","28.0,28.0,28.0,28.0,28.0,28.0"
IM_SALU_min,"14.38,14.4,14.42,14.44,14.48,14.5","28.0,28.0,27.93,28.0,28.0,28.0"
IM_SALU_max,"35213.15,35213.17,35213.19,35213.21,35213.25,35213.27","28.04,28.01,28.0,28.01,28.0,28.0"
IM_SMEM_avg,"3.0,3.0,2.98,3.0,3.0,3.0","3.0,3.0,3.0,3.0,3.0,3.0"
IM_SMEM_min,"3.0,3.0,1.5,3.0,3.0,3.0","3.0,3.0,2.99,3.0,3.0,3.0"
IM_SMEM_max,"3.0,3.0,3.0,3.0,3.0,3.0","3.0,3.0,3.0,3.0,3.0,3.0"
IM_Branch_avg,"2258.57,2258.58,2203.67,2258.6,2258.62,2258.62","2.0,2.0,2.0,2.0,2.0,2.0"
IM_Branch_min,"4.69,4.7,4.71,4.72,4.74,4.75","2.0,2.0,1.99,2.0,2.0,2.0"
IM_Branch_max,"17604.08,17604.09,17604.1,17604.11,17604.12,17604.13","2.0,2.0,2.0,2.0,2.0,2.0"
VAIM_INT32_avg,"9032.27,9032.31,8812.68,9032.38,9032.46,9032.5","81.0,81.0,80.99,81.0,81.0,81.0"
VAIM_INT32_min,"16.77,16.81,16.85,16.88,16.96,17.0","81.0,81.0,80.8,81.0,81.0,81.0"
VAIM_INT32_max,"70414.31,70414.35,70414.38,70414.42,70414.5,70414.54","81.0,81.0,81.0,81.0,81.0,81.0"
VAIM_INT64_avg,"2258.57,2258.58,2203.67,2258.6,2258.62,2258.62","18.0,18.0,18.0,18.0,18.0,18.0"
VAIM_INT64_min,"4.69,4.7,4.71,4.72,4.74,4.75","18.0,18.0,17.95,18.0,18.0,18.0"
VAIM_INT64_max,"17604.08,17604.09,17604.1,17604.11,17604.12,17604.13","18.0,18.0,18.0,18.0,18.0,18.0"
VAIM_F32-ADD_avg,"0.0,0.0,0.0,0.0,0.0,0.0","48.0,48.0,47.99,48.0,48.0,48.0"
VAIM_F32-ADD_min,"0.0,0.0,0.0,0.0,0.0,0.0","48.0,48.0,47.88,48.0,48.0,48.0"
VAIM_F32-ADD_max,"0.0,0.0,0.0,0.0,0.0,0.0","48.0,48.0,48.0,48.0,48.0,48.0"
VAIM_F32-MUL_avg,"0.0,0.0,0.0,0.0,0.0,0.0","3.0,3.0,3.0,3.0,3.0,3.0"
VAIM_F32-MUL_min,"0.0,0.0,0.0,0.0,0.0,0.0","3.0,3.0,2.99,3.0,3.0,3.0"
VAIM_F32-MUL_max,"0.0,0.0,0.0,0.0,0.0,0.0","3.0,3.0,3.0,3.0,3.0,3.0"
VAIM_F32-Trans_avg,"0.0,0.0,0.0,0.0,0.0,0.0","1.0,1.0,1.0,1.0,1.0,1.0"
VAIM_F32-Trans_min,"0.0,0.0,0.0,0.0,0.0,0.0","1.0,1.0,1.0,1.0,1.0,1.0"
VAIM_F32-Trans_max,"0.0,0.0,0.0,0.0,0.0,0.0","1.0,1.0,1.0,1.0,1.0,1.0"
VAIM_Conversion_avg,"0.0,0.0,0.0,0.0,0.0,0.0","2.0,2.0,2.0,2.0,2.0,2.0"
VAIM_Conversion_min,"0.0,0.0,0.0,0.0,0.0,0.0","2.0,2.0,1.99,2.0,2.0,2.0"
VAIM_Conversion_max,"0.0,0.0,0.0,0.0,0.0,0.0","2.0,2.0,2.0,2.0,2.0,2.0"
CUCPSoL_valu_flops_pop,"0.0,0.0,0.0,0.0,0.0,0.0","1.45,1.45,1.46,1.45,1.46,1.46"
PS_IPC_(Avg)_avg,"0.21,0.2,0.2,0.2,0.21,0.21","0.16,0.16,0.16,0.16,0.16,0.16"
PS_IPC_(Avg)_min,"0.06,0.07,0.06,0.07,0.07,0.07","0.06,0.06,0.06,0.07,0.06,0.06"
PS_IPC_(Avg)_max,"0.25,0.25,0.25,0.25,0.25,0.25","0.35,0.35,0.35,0.35,0.35,0.35"
PS_IPC_(Issue)_avg,"1.0,1.0,1.0,1.0,1.0,1.0","0.99,0.99,0.99,0.99,0.99,0.99"
PS_IPC_(Issue)_min,"1.0,1.0,1.0,1.0,1.0,1.0","0.99,0.99,0.99,0.99,0.99,0.99"
PS_IPC_(Issue)_max,"1.0,1.0,1.0,1.0,1.0,1.0","0.99,0.99,0.99,0.99,0.99,0.99"
PS_SALU_Util_avg,"1.12,1.11,1.11,1.12,1.12,1.12","1.85,1.86,1.84,1.86,1.85,1.84"
PS_SALU_Util_min,"0.22,0.22,0.23,0.21,0.22,0.21","0.69,0.68,0.69,0.74,0.69,0.69"
PS_SALU_Util_max,"1.53,1.53,1.51,1.5,1.51,1.53","4.0,4.01,4.01,4.02,4.02,4.03"
PS_VALU_Util_avg,"5.4,5.4,5.4,5.4,5.43,5.43","11.22,11.29,11.17,11.3,11.22,11.16"
PS_VALU_Util_min,"0.55,0.58,0.57,0.57,0.58,0.59","4.16,4.15,4.19,4.49,4.2,4.16"
PS_VALU_Util_max,"7.66,7.64,7.55,7.51,7.57,7.67","24.28,24.33,24.34,24.36,24.4,24.44"
PS_VALU_Active_Threads_avg,"64.0,64.0,64.0,64.0,64.0,64.0","63.66,63.66,63.66,63.66,63.66,63.66"
PS_VALU_Active_Threads_min,"64.0,64.0,64.0,64.0,64.0,64.0","63.66,63.66,63.66,63.66,63.66,63.66"
PS_VALU_Active_Threads_max,"64.0,64.0,64.0,64.01,64.0,64.0","63.66,63.66,63.67,63.66,63.66,63.66"
AO_FLOPs_(Total)_avg,"0.0,0.0,0.0,0.0,0.0,0.0","3328.0,3328.0,3327.65,3328.0,3328.0,3328.0"
AO_FLOPs_(Total)_min,"0.0,0.0,0.0,0.0,0.0,0.0","3327.88,3327.99,3319.58,3328.0,3327.88,3327.96"
AO_FLOPs_(Total)_max,"0.0,0.0,0.0,0.0,0.0,0.0","3328.0,3328.0,3328.0,3328.0,3328.0,3328.0"
AO_F32_OPs_avg,"0.0,0.0,0.0,0.0,0.0,0.0","3328.0,3328.0,3327.65,3328.0,3328.0,3328.0"
AO_F32_OPs_min,"0.0,0.0,0.0,0.0,0.0,0.0","3327.88,3327.99,3319.58,3328.0,3327.88,3327.96"
AO_F32_OPs_max,"0.0,0.0,0.0,0.0,0.0,0.0","3328.0,3328.0,3328.0,3328.0,3328.0,3328.0"
ICSoL_Bandwidth,"3.65,3.65,3.69,3.66,3.7,3.64","5.28,5.29,5.32,5.3,5.32,5.33"
ICSoL_Cache_Hit,"99.83,99.83,99.83,99.83,99.84,99.84","100.0,100.0,100.0,100.0,100.0,100.0"
ICA_Req_min,"13.08,13.11,13.13,13.16,13.22,13.25","51.0,51.0,50.87,51.0,51.0,51.0"
ICA_Req_max,"52811.23,52811.26,52811.29,52811.32,52811.38,52811.4","51.0,51.0,51.0,51.03,51.05,51.0"
ICA_Req_mean,"6774.7,6774.73,6610.68,6774.79,6774.85,6774.87","51.0,51.0,50.99,51.0,51.0,51.0"
ICA_Hits_min,"11.08,11.11,11.13,11.16,11.22,11.25","50.99,50.99,50.87,50.99,50.99,50.99"
ICA_Hits_max,"52809.46,52809.57,52809.44,52809.59,52809.88,52809.63","51.0,51.0,51.0,51.02,51.04,51.0"
ICA_Hits_mean,"6774.57,6774.6,6610.38,6774.64,6774.69,6774.74","51.0,51.0,50.99,51.0,51.0,51.0"
ICA_Misses_-_Non_Duplicated_max,"0.15,0.16,1.98,0.16,0.17,0.16","0.0,0.0,0.0,0.0,0.0,0.0"
ICA_Misses_-_Non_Duplicated_mean,"0.01,0.01,0.02,0.01,0.01,0.01","0.0,0.0,0.0,0.0,0.0,0.0"
ICA_Misses_-_Duplicated_max,"1.86,1.86,1.86,1.86,29.25,1.86","0.01,0.01,0.01,0.01,0.01,0.01"
ICA_Misses_-_Duplicated_mean,"0.12,0.12,0.12,0.12,0.28,0.12","0.0,0.0,0.0,0.0,0.0,0.0"
ICA_Cache_Hit_min,"84.71,84.65,84.77,84.81,84.87,85.0","99.98,99.98,99.98,99.99,99.99,99.98"
ICA_Cache_Hit_max,"100.0,100.0,100.0,100.0,100.0,100.0","100.0,100.0,100.0,100.0,100.0,100.0"
ICA_Cache_Hit_mean,"99.83,99.83,99.83,99.83,99.84,99.84","100.0,100.0,100.0,100.0,100.0,100.0"
SL1LDCSoL_Bandwidth,"0.04,0.04,0.04,0.04,0.04,0.04","0.31,0.31,0.31,0.31,0.31,0.31"
SL1LDCSoL_Cache_Hit,"33.33,33.33,33.33,33.33,33.16,33.33","99.96,99.96,99.96,99.96,99.96,99.96"
SL1DCA_Req_min,"3.0,3.0,1.5,3.0,3.0,3.0","3.0,3.0,2.99,3.0,3.0,3.0"
SL1DCA_Req_max,"3.0,3.0,3.0,3.0,34.0,3.0","3.0,3.0,3.0,3.0,3.0,3.0"
SL1DCA_Req_mean,"3.0,3.0,2.98,3.0,3.18,3.0","3.0,3.0,3.0,3.0,3.0,3.0"
SL1DCA_Hits_min,"1.0,1.0,0.5,1.0,1.0,1.0","3.0,3.0,2.99,3.0,3.0,3.0"
SL1DCA_Hits_max,"1.0,1.0,1.0,1.0,1.0,1.0","3.0,3.0,3.0,3.0,3.0,3.0"
SL1DCA_Hits_mean,"1.0,1.0,0.99,1.0,1.0,1.0","3.0,3.0,3.0,3.0,3.0,3.0"
SL1DCA_Misses_-_Non_Duplicated_min,"0.13,0.14,0.07,0.13,0.14,0.14","0.0,0.0,0.0,0.0,0.0,0.0"
SL1DCA_Misses_-_Non_Duplicated_max,"0.17,0.17,0.16,0.16,31.15,0.17","0.0,0.0,0.0,0.0,0.0,0.0"
SL1DCA_Misses_-_Non_Duplicated_mean,"0.15,0.15,0.15,0.15,0.33,0.15","0.0,0.0,0.0,0.0,0.0,0.0"
SL1DCA_Misses-_Duplicated_min,"1.83,1.83,0.93,1.84,1.83,1.83","0.0,0.0,0.0,0.0,0.0,0.0"
SL1DCA_Misses-_Duplicated_max,"1.87,1.86,1.86,1.87,1.86,1.86","0.0,0.0,0.0,0.0,0.0,0.0"
SL1DCA_Misses-_Duplicated_mean,"1.85,1.85,1.84,1.85,1.85,1.85","0.0,0.0,0.0,0.0,0.0,0.0"
SL1DCA_Cache_Hit_min,"33.33,33.33,33.33,33.33,2.94,33.33","99.82,99.89,99.86,99.89,99.89,99.89"
SL1DCA_Cache_Hit_max,"33.33,33.33,33.33,33.33,33.33,33.33","99.96,99.96,99.96,99.96,99.96,99.96"
SL1DCA_Cache_Hit_mean,"33.33,33.33,33.33,33.33,33.16,33.33","99.96,99.96,99.96,99.96,99.96,99.96"
SL1DCA_Read_Req_(Total)_min,"3.0,3.0,1.5,3.0,3.0,3.0","3.0,3.0,2.99,3.0,3.0,3.0"
SL1DCA_Read_Req_(Total)_max,"3.0,3.0,4.0,3.0,3.0,3.0","3.0,3.0,3.03,3.0,3.0,3.0"
SL1DCA_Read_Req_(Total)_mean,"3.0,3.0,2.99,3.0,3.0,3.0","3.0,3.0,3.0,3.0,3.0,3.0"
SL1DCA_Read_Req_(1_DWord)_min,"2.0,2.0,1.0,2.0,2.0,2.0","2.0,2.0,1.99,2.0,2.0,2.0"
SL1DCA_Read_Req_(1_DWord)_max,"2.0,2.0,2.0,2.0,2.0,2.0","2.0,2.0,2.03,2.0,2.0,2.0"
SL1DCA_Read_Req_(1_DWord)_mean,"2.0,2.0,1.99,2.0,2.0,2.0","2.0,2.0,2.0,2.0,2.0,2.0"
SL1DCA_Read_Req_(4_DWord)_min,"1.0,1.0,0.5,1.0,1.0,1.0","1.0,1.0,1.0,1.0,1.0,1.0"
SL1DCA_Read_Req_(4_DWord)_max,"1.0,1.0,1.0,1.0,1.0,1.0","1.0,1.0,1.01,1.0,1.0,1.0"
SL1DCA_Read_Req_(4_DWord)_mean,"1.0,1.0,0.99,1.0,1.0,1.0","1.0,1.0,1.0,1.0,1.0,1.0"
SL1DCA_Read_Req_(16_DWord)_max,"0.0,0.0,1.0,0.0,0.0,0.0","0.0,0.0,0.0,0.0,0.0,0.0"
SL1DCA_Read_Req_(16_DWord)_mean,"0.0,0.0,0.01,0.0,0.0,0.0","0.0,0.0,0.0,0.0,0.0,0.0"
SL1DCL2LI_Read_Req_min,"0.13,0.14,0.07,0.14,0.14,0.14","0.0,0.0,0.0,0.0,0.0,0.0"
SL1DCL2LI_Read_Req_max,"0.17,0.17,14.16,0.17,0.17,0.16","0.0,0.0,0.03,0.0,0.0,0.0"
SL1DCL2LI_Read_Req_mean,"0.15,0.15,0.23,0.15,0.15,0.15","0.0,0.0,0.0,0.0,0.0,0.0"
SL1DCL2LI_Write_Req_max,"0.0,0.0,17.0,0.0,0.0,0.0","0.0,0.0,0.0,0.0,0.0,0.0"
SL1DCL2LI_Write_Req_mean,"0.0,0.0,0.1,0.0,0.0,0.0","0.0,0.0,0.0,0.0,0.0,0.0"
SL1DCL2LI_Stall_max,"0.0,0.0,0.1,0.0,0.0,0.0","0.0,0.0,0.0,0.0,0.0,0.0"
TA_TA_Busy_avg,"33.09,33.17,32.92,33.09,33.21,33.24","97.67,97.68,97.6,97.68,97.66,97.73"
TA_TA_Busy_min,"1.62,1.69,1.67,1.69,1.7,1.74","86.76,87.3,87.94,86.6,87.44,84.76"
TA_TA_Busy_max,"48.49,48.35,48.53,48.38,48.43,48.71","99.85,99.85,99.85,99.85,99.87,99.84"
TA_TC2TA_Addr_Stall_avg,"2.15,2.03,2.05,1.98,2.18,2.22","74.24,74.99,74.01,76.77,74.94,73.69"
TA_TC2TA_Addr_Stall_min,"0.26,0.26,0.24,0.24,0.24,0.25","43.65,43.61,41.26,42.9,44.52,42.84"
TA_TC2TA_Addr_Stall_max,"4.38,7.88,4.48,3.95,6.91,7.75","102.85,105.36,107.8,113.37,106.94,104.44"
TA_TC2TA_Data_Stall_avg,"24.29,24.4,24.52,24.43,24.58,24.66","0.0,0.0,0.0,0.0,0.0,0.0"
TA_TC2TA_Data_Stall_min,"0.71,0.75,0.74,0.72,0.73,0.75","0.0,0.0,0.0,0.0,0.0,0.0"
TA_TC2TA_Data_Stall_max,"38.21,38.5,38.1,38.08,37.79,39.13","0.0,0.0,0.0,0.0,0.0,0.0"
TA_Total_Instructions_avg,"2257.57,2257.58,2202.67,2257.6,2257.62,2257.62","24.0,24.0,24.0,24.0,24.0,24.0"
TA_Total_Instructions_min,"3.69,3.7,3.71,3.72,3.74,3.75","24.0,24.0,23.94,24.0,24.0,24.0"
TA_Total_Instructions_max,"17603.08,17603.09,17603.1,17603.11,17603.12,17603.13","24.0,24.0,24.0,24.0,24.0,24.0"
TA_Flat_Instr_avg,"2257.57,2257.58,2202.67,2257.6,2257.62,2257.62","24.0,24.0,24.0,24.0,24.0,24.0"
TA_Flat_Instr_min,"3.69,3.7,3.71,3.72,3.74,3.75","24.0,24.0,23.94,24.0,24.0,24.0"
TA_Flat_Instr_max,"17603.08,17603.09,17603.1,17603.11,17603.12,17603.13","24.0,24.0,24.0,24.0,24.0,24.0"
TA_Flat_Read_Instr_avg,"0.0,0.0,0.0,0.0,0.0,0.0","24.0,24.0,24.0,24.0,24.0,24.0"
TA_Flat_Read_Instr_min,"0.0,0.0,0.0,0.0,0.0,0.0","24.0,24.0,23.94,24.0,24.0,24.0"
TA_Flat_Read_Instr_max,"0.0,0.0,0.0,0.0,0.0,0.0","24.0,24.0,24.0,24.0,24.0,24.0"
TA_Flat_Write_Instr_avg,"2257.57,2257.58,2202.67,2257.6,2257.62,2257.62","0.0,0.0,0.0,0.0,0.0,0.0"
TA_Flat_Write_Instr_min,"3.69,3.7,3.71,3.72,3.74,3.75","0.0,0.0,0.0,0.0,0.0,0.0"
TA_Flat_Write_Instr_max,"17603.08,17603.09,17603.1,17603.11,17603.12,17603.13","0.0,0.0,0.0,0.0,0.0,0.0"
TA_Buffer_Instr_avg,"0.0,0.0,0.09,0.0,0.0,0.0","0.0,0.0,0.01,0.0,0.0,0.0"
TA_Buffer_Instr_max,"0.0,0.0,8.0,0.0,0.0,0.0","0.0,0.0,0.32,0.0,0.0,0.0"
TA_Buffer_Read_Instr_avg,"0.0,0.0,0.05,0.05,0.0,0.0","0.0,0.0,0.0,0.0,0.0,0.0"
TA_Buffer_Read_Instr_max,"0.0,0.0,8.0,8.0,0.0,0.0","0.01,0.0,0.0,0.0,0.0,0.0"
TA_Buffer_Write_Instr_avg,"0.0,0.0,0.05,0.05,0.0,0.0","0.0,0.0,0.0,0.0,0.0,0.0"
TA_Buffer_Write_Instr_max,"0.0,0.0,8.0,8.0,0.0,0.0","0.01,0.0,0.0,0.0,0.0,0.0"
TA_Buffer_Total_Cylces_avg,"0.0,0.0,0.0,0.0,0.2,0.37","0.0,0.0,0.0,0.0,0.0,0.0"
TA_Buffer_Total_Cylces_max,"0.0,0.0,0.0,0.0,34.46,64.0","0.01,0.02,0.0,0.0,0.01,0.03"
TD_TD_Busy_avg,"33.59,33.66,33.47,33.57,33.7,33.73","98.61,98.64,98.54,98.61,98.61,98.66"
TD_TD_Busy_min,"3.39,3.56,3.43,3.56,3.64,3.72","89.52,90.02,91.25,89.48,90.17,87.99"
TD_TD_Busy_max,"48.49,48.36,48.55,48.39,48.43,48.72","99.9,99.86,99.86,99.88,99.88,99.9"
TD_TC2TD_Stall_avg,"33.0,33.06,32.8,32.98,33.1,33.14","75.32,75.21,75.29,75.15,75.32,75.5"
TD_TC2TD_Stall_min,"3.27,3.43,3.3,3.43,3.51,3.59","46.36,46.82,46.31,46.34,46.76,44.78"
TD_TC2TD_Stall_max,"47.71,47.58,47.78,47.62,47.64,47.94","90.37,90.46,90.43,89.47,89.49,90.31"
TD_SPI2TD_Stall_max,"0.0,0.0,0.0,0.0,0.0,0.0","0.02,0.02,0.02,0.02,0.02,0.02"
TD_Load_Instr_avg,"0.0,0.0,0.09,0.09,-0.03,-0.05","24.0,24.0,24.0,24.0,24.0,24.0"
TD_Load_Instr_min,"0.0,0.0,0.0,0.0,-4.31,-8.0","24.0,24.0,23.94,24.0,24.0,24.0"
TD_Load_Instr_max,"0.0,0.0,16.0,16.0,0.0,0.0","24.01,24.0,24.0,24.0,24.0,24.0"
TD_Store_Instr_avg,"2257.57,2257.58,2202.67,2257.6,2257.64,2257.67","0.0,0.0,0.0,0.0,0.0,0.0"
TD_Store_Instr_min,"3.69,3.7,3.71,3.72,3.74,3.75","0.0,0.0,0.0,0.0,0.0,0.0"
TD_Store_Instr_max,"17603.08,17603.09,17603.1,17603.11,17603.12,17603.13","0.0,0.0,0.0,0.0,0.0,0.0"
VL1LDCSoL_Buffer_Coalescing,"25.0,25.0,25.0,25.0,25.0,25.0","25.0,25.0,25.0,25.0,25.0,25.0"
VL1LDCSoL_Cache_Util,"40.85,40.85,40.45,40.79,40.86,40.87","98.72,98.75,98.8,98.76,98.72,98.77"
VL1LDCSoL_Cache_BW,"10.4,10.39,10.53,10.44,10.54,10.38","21.42,21.46,21.55,21.48,21.55,21.59"
L1DS_Stalled_on_L2_Data_min,"6.87,7.08,6.41,7.25,7.11,7.05","47.59,46.56,42.84,47.04,46.51,41.41"
L1DS_Stalled_on_L2_Data_max,"50.31,50.9,52.79,51.19,50.4,50.77","116.74,107.16,111.84,114.87,127.55,92.43"
L1DS_Stalled_on_L2_Data_mean,"37.97,37.69,37.63,38.03,37.97,38.04","75.51,75.77,75.75,76.01,76.29,74.35"
L1DS_Stalled_on_L2_Req_min,"1.59,1.67,1.67,1.83,1.86,1.76","0.02,0.01,0.02,0.01,0.01,0.01"
L1DS_Stalled_on_L2_Req_max,"35.87,36.04,35.95,36.11,35.92,35.92","35.62,41.06,38.67,34.28,39.16,35.76"
L1DS_Stalled_on_L2_Req_mean,"26.43,26.42,25.85,26.26,26.16,26.22","12.73,12.63,12.72,12.21,12.53,13.16"
L1DA_Total_Req_avg,"144484.29,144484.91,140971.13,144486.14,144488.17,144489.47","1536.0,1536.0,1535.84,1536.0,1536.0,1536.0"
L1DA_Total_Req_min,"236.31,236.92,237.54,238.15,239.38,240.0","1535.99,1536.0,1532.11,1536.0,1535.98,1536.0"
L1DA_Total_Req_max,"1126596.92,1126597.54,1126598.15,1126598.77,1126600.0,1126600.62","1536.0,1536.06,1536.0,1536.0,1536.0,1536.14"
L1DA_Read_Req_avg,"0.0,0.0,0.0,0.0,0.4,0.74","1536.0,1536.0,1535.84,1536.0,1536.0,1536.0"
L1DA_Read_Req_min,"0.0,0.0,0.0,0.0,0.0,0.0","1535.97,1536.0,1532.11,1536.0,1535.96,1535.99"
L1DA_Read_Req_max,"0.0,0.0,0.0,0.0,68.92,128.0","1536.0,1536.03,1536.0,1536.0,1536.0,1536.07"
L1DA_Write_Req_avg,"144484.29,144484.91,140971.13,144486.14,144487.77,144488.73","0.0,0.0,0.0,0.0,0.0,0.0"
L1DA_Write_Req_min,"236.31,236.92,237.54,238.15,239.38,240.0","0.0,0.0,0.0,0.0,0.0,0.0"
L1DA_Write_Req_max,"1126596.92,1126597.54,1126598.15,1126598.77,1126600.0,1126600.62","0.02,0.03,0.0,0.0,0.02,0.07"
L1DA_Cache_BW_avg,"1177.16,1176.2,1191.01,1181.63,1192.89,1174.7","2424.01,2427.97,2438.51,2430.16,2438.65,2443.41"
L1DA_Cache_BW_min,"213.7,224.0,190.03,206.4,199.17,172.14","196.49,94.5,153.76,185.44,212.79,216.16"
L1DA_Cache_BW_max,"1425.12,1431.55,1420.62,1390.74,1435.98,1416.57","5277.44,5261.97,5275.3,5260.53,5255.42,5250.15"
L1DA_Cache_Accesses_avg,"36121.07,36121.23,35242.78,36121.53,36121.84,36122.0","384.0,384.0,383.96,384.0,384.0,384.0"
L1DA_Cache_Accesses_min,"59.08,59.23,59.38,59.54,59.85,60.0","383.99,384.0,383.03,384.0,383.99,383.99"
L1DA_Cache_Accesses_max,"281649.23,281649.38,281649.54,281649.69,281650.0,281650.15","384.0,384.0,384.0,384.0,384.0,384.0"
L1DA_Cache_Hits_avg,"0.0,0.0,0.0,-0.19,0.0,0.0","0.0,0.0,-0.0,0.0,0.0,-0.0"
L1DA_Cache_Hits_min,"0.0,0.0,0.0,-32.0,0.0,0.0","0.0,0.0,-0.0,0.0,0.0,-0.01"
L1DA_Cache_Hit_Rate_min,"0.0,0.0,0.0,-0.05,0.0,0.0","0.0,0.0,-0.0,0.0,0.0,-0.0"
L1DA_L1-L2_BW_avg,"2311748.69,2311758.54,2255538.03,2311790.14,2311797.92,2311807.77","24575.99,24576.0,24573.44,24576.0,24575.99,24576.0"
L1DA_L1-L2_BW_min,"2311748.69,2311758.54,2255538.03,2311790.14,2311797.92,2311807.77","24575.99,24576.0,24573.44,24576.0,24575.99,24576.0"
L1DA_L1-L2_BW_max,"2311748.69,2311758.54,2255538.03,2311790.14,2311797.92,2311807.77","24575.99,24576.0,24573.44,24576.0,24575.99,24576.0"
L1DA_L1-L2_Read_avg,"0.0,0.0,0.0,0.0,0.0,0.0","384.0,384.0,383.96,384.0,384.0,384.0"
L1DA_L1-L2_Read_min,"0.0,0.0,0.0,0.0,0.0,0.0","383.99,384.0,383.03,384.0,383.99,383.99"
L1DA_L1-L2_Read_max,"0.0,0.0,0.0,0.0,0.0,0.0","384.0,384.0,384.0,384.0,384.0,384.01"
L1DA_L1-L2_Write_avg,"36121.07,36121.23,35242.78,36121.72,36121.84,36122.0","0.0,0.0,0.0,0.0,0.0,0.0"
L1DA_L1-L2_Write_min,"59.08,59.23,59.38,59.54,59.85,60.0","0.0,0.0,0.0,0.0,0.0,0.0"
L1DA_L1-L2_Write_max,"281649.23,281649.38,281649.54,281649.69,281650.0,281650.15","0.0,0.0,0.0,0.0,0.0,0.0"
L1DA_L1_Access_Latency_avg,"870.39,871.03,872.8,872.33,871.49,874.55","1831.48,1853.11,1840.69,1860.93,1836.72,1869.59"
L1DA_L1_Access_Latency_min,"524.73,520.69,541.83,526.56,524.82,531.43","563.92,562.41,562.89,563.2,562.15,561.42"
L1DA_L1_Access_Latency_max,"986.94,989.84,993.35,978.74,985.72,996.35","3199.54,3185.45,3007.34,3118.18,3084.43,3125.23"
L1DA_L1-L2_Read_Latency_avg,"0.0,0.0,0.0,0.0,0.0,0.0","779.67,781.05,781.9,780.85,773.34,781.82"
L1DA_L1-L2_Read_Latency_min,"0.0,0.0,0.0,0.0,0.0,0.0","231.33,232.32,233.42,232.25,233.88,231.4"
L1DA_L1-L2_Read_Latency_max,"0.0,0.0,0.0,0.0,0.0,0.0","1235.64,1204.23,1191.66,1236.98,1179.67,1236.4"
L1DA_L1-L2_Write_Latency_avg,"359.67,359.22,360.1,359.79,359.52,359.83","0.0,0.0,0.0,0.0,0.0,0.0"
L1DA_L1-L2_Write_Latency_min,"274.43,271.75,286.92,275.32,273.94,277.83","0.0,0.0,0.0,0.0,0.0,0.0"
L1DA_L1-L2_Write_Latency_max,"409.22,386.01,400.11,388.94,393.85,397.36","0.0,0.0,0.0,0.0,0.0,0.0"
L1D2LT_RW_-_Read_avg,"0.0,0.0,0.19,0.0,0.0,0.0","384.0,384.0,383.99,384.0,384.0,384.0"
L1D2LT_RW_-_Read_min,"0.0,0.0,0.0,0.0,0.0,0.0","383.99,384.0,383.03,384.0,383.99,383.99"
L1D2LT_RW_-_Read_max,"0.0,0.0,32.0,0.0,0.0,0.0","384.0,384.0,384.59,384.0,384.0,384.0"
L1D2LT_RW_-_Write_avg,"36121.07,36121.23,35242.97,36121.53,36121.84,36122.0","0.0,0.0,0.03,0.0,0.0,0.0"
L1D2LT_RW_-_Write_min,"59.08,59.23,59.38,59.54,59.85,60.0","0.0,0.0,0.0,0.0,0.0,0.0"
L1D2LT_RW_-_Write_max,"281649.23,281649.38,281649.54,281649.69,281650.0,281650.15","0.0,0.0,0.59,0.0,0.0,0.0"
L1D2LT_NC_-_Write_avg,"0.0,0.0,0.28,0.0,0.0,0.0","0.0,0.0,0.02,0.0,0.0,0.0"
L1D2LT_NC_-_Write_max,"0.0,0.0,32.0,0.0,0.0,0.0","0.0,0.01,0.73,0.0,0.0,0.0"
L1DT_Req_min,"59.08,59.23,59.38,59.54,59.85,60.0","383.99,384.0,383.03,384.0,383.99,383.99"
L1DT_Req_max,"281649.23,281649.38,281649.54,281649.69,281650.0,281650.15","384.0,384.01,384.0,384.0,384.0,384.0"
L1DT_Req_mean,"36121.07,36121.23,35242.78,36121.53,36121.84,36122.0","384.0,384.0,383.96,384.0,384.0,384.0"
L1DT_Hit_Ratio_min,"95.35,95.36,95.37,95.38,95.4,95.42","96.78,96.78,96.77,96.78,96.77,96.78"
L1DT_Hit_Ratio_max,"98.31,98.31,98.3,98.31,98.31,98.3","100.0,100.0,100.0,100.0,100.0,100.0"
L1DT_Hit_Ratio_mean,"98.12,98.12,98.12,98.12,98.13,98.13","98.47,98.46,98.46,98.46,98.46,98.46"
L1DT_Hits_min,"56.33,56.48,56.63,56.79,57.1,57.25","371.62,371.62,370.96,371.65,371.6,371.65"
L1DT_Hits_max,"276868.3,276860.9,276872.11,276858.06,276863.88,276874.05","384.0,384.0,384.0,384.0,384.0,384.0"
L1DT_Hits_mean,"35505.95,35505.99,34642.37,35506.31,35506.81,35506.41","378.11,378.11,378.06,378.09,378.1,378.1"
L1DT_Misses_(Translation)_min,"0.25,0.25,0.25,0.25,0.25,0.25","0.0,0.0,0.0,0.0,0.0,0.0"
L1DT_Misses_(Translation)_max,"447.0,447.0,447.0,447.0,447.0,447.0","1.21,1.21,1.21,1.21,1.21,1.21"
L1DT_Misses_(Translation)_mean,"57.45,57.45,56.05,57.45,57.45,57.45","0.59,0.59,0.59,0.59,0.59,0.59"
L2CSoL_L2_Util,"70.97,70.9,70.99,70.83,71.07,71.08","99.91,99.91,99.76,99.88,99.91,99.91"
L2CSoL_Cache_Hit,"50.01,50.01,50.01,50.01,50.01,50.01","34.86,34.43,34.68,34.69,34.86,34.75"
L2CSoL_L2-EA_Rd_BW,"0.03,0.03,0.03,0.04,0.03,0.03","902.58,898.39,909.11,905.26,907.02,924.54"
L2CSoL_L2-EA_Wr_BW,"1052.68,1051.1,1060.08,1054.67,1061.95,1050.87","0.0,0.0,0.0,0.0,0.0,0.0"
L2FT_Read_BW_avg,"14.93,15.72,15.2,28.57,15.59,16.3","16406.5,16381.49,16375.55,16432.15,16315.59,16417.15"
L2FT_Read_BW_min,"0.31,0.31,0.31,0.31,0.31,0.31","0.49,0.49,0.49,0.49,0.49,0.49"
L2FT_Read_BW_max,"104.62,156.0,121.85,2298.46,132.0,139.69","24576.02,24576.02,24576.28,24576.02,24576.01,24576.01"
L2FT_Write_BW_avg,"2301396.25,2301408.4,2245479.42,2301426.05,2301442.97,2301686.15","0.0,0.0,0.0,0.0,0.0,0.0"
L2FT_Write_BW_max,"18005385.85,18005395.69,18005405.54,18005415.38,18005435.08,18005444.92","0.0,0.24,0.0,0.1,0.0,0.0"
L2FT_Read_(Uncached_32B)_avg,"0.45,0.48,0.46,0.47,0.47,0.5","0.0,0.0,0.0,0.0,0.0,0.0"
L2FT_Read_(Uncached_32B)_max,"3.26,4.83,3.8,5.73,4.08,4.36","0.0,0.0,0.0,0.0,0.0,0.0"
L2FT_Read_(64B)_avg,"0.23,0.25,0.24,0.45,0.24,0.25","256.35,255.96,255.87,256.75,254.93,256.52"
L2FT_Read_(64B)_min,"0.0,0.0,0.0,0.0,0.0,0.0","0.01,0.01,0.01,0.01,0.01,0.01"
L2FT_Read_(64B)_max,"1.63,2.44,1.9,35.91,2.06,2.18","384.0,384.0,384.0,384.0,384.0,384.0"
L2FT_HBM_Read_avg,"0.25,0.25,0.44,0.25,0.25,0.24","257.38,257.69,255.05,255.78,256.8,255.23"
L2FT_HBM_Read_min,"0.0,0.0,0.0,0.0,0.0,0.0","0.01,0.01,0.01,0.01,0.01,0.01"
L2FT_HBM_Read_max,"2.4,3.07,35.61,2.19,3.02,2.93","384.0,384.0,384.6,384.0,384.0,384.0"
L2FT_Write_(64B)_avg,"35959.32,35959.51,35085.62,35959.78,35960.05,35963.85","0.0,0.0,0.0,0.0,0.0,0.0"
L2FT_Write_(64B)_max,"281334.15,281334.31,281334.46,281334.62,281334.92,281335.08","0.0,0.0,0.0,0.0,0.0,0.0"
L2FT_HBM_Write_avg,"35962.99,35961.31,35072.62,35963.43,35963.7,35962.04","0.0,0.0,0.03,0.0,0.0,0.0"
L2FT_HBM_Write_max,"281334.15,281334.31,281334.46,281334.62,281334.92,281335.08","0.0,0.0,0.6,0.0,0.0,0.0"
L2FT_Read_Latency_avg,"1142.69,1170.24,1360.16,1149.49,1144.37,1131.09","437.42,463.6,554.99,430.14,449.32,427.59"
L2FT_Read_Latency_min,"283.09,384.3,158.11,13.92,296.45,296.55","67.88,207.93,232.33,28.18,213.97,174.12"
L2FT_Read_Latency_max,"3007.42,3615.11,35132.31,3748.1,3360.57,3450.47","651.43,1280.5,5257.21,622.83,939.69,624.2"
L2FT_Write_Latency_avg,"405.05,395.07,395.77,393.16,393.78,391.5","0.0,0.0,0.0,0.0,0.0,0.0"
L2FT_Write_Latency_min,"86.07,55.23,0.0,81.67,67.66,94.26","0.0,0.0,0.0,0.0,0.0,0.0"
L2FT_Write_Latency_max,"1366.25,679.53,696.52,722.47,700.34,688.9","0.0,0.0,0.0,0.0,0.0,0.0"
L2FT_Read_Stall_avg,"0.0,0.0,0.0,0.0,0.0,0.0","2.13,2.1,2.2,2.21,2.03,2.0"
L2FT_Read_Stall_max,"0.0,0.0,0.0,0.0,0.0,0.0","5.65,6.17,8.41,8.03,5.48,5.53"
L2FT_Write_Stall_avg,"11.9,11.94,11.56,11.6,11.28,11.04","0.0,0.0,0.0,0.0,0.0,0.0"
L2FT_Write_Stall_max,"45.61,41.39,43.84,41.13,44.96,43.33","0.0,0.0,0.0,0.0,0.0,0.07"
L2CA_Req_avg,"36121.5,36121.66,35243.21,36121.97,36122.55,36122.94","195.5,195.51,195.47,195.5,195.46,195.51"
L2CA_Req_min,"59.72,59.85,60.02,60.13,60.46,60.62","192.21,192.2,192.2,192.2,192.2,192.2"
L2CA_Req_max,"281651.64,281651.73,281651.87,281651.98,281652.29,281652.48","197.97,198.03,197.97,197.98,197.96,197.98"
L2CA_Streaming_Req_avg,"0.0,0.0,0.0,0.0,0.15,0.28","0.0,0.0,0.0,0.0,0.0,0.0"
L2CA_Streaming_Req_max,"0.0,0.0,0.0,0.0,25.85,48.0","0.01,0.01,0.0,0.0,0.01,0.03"
L2CA_Read_Req_avg,"0.44,0.44,0.43,0.43,0.43,0.43","195.49,195.56,195.49,195.43,195.45,195.46"
L2CA_Read_Req_min,"0.14,0.15,0.14,0.14,0.14,0.15","192.2,192.2,192.2,192.21,192.19,192.2"
L2CA_Read_Req_max,"2.94,3.72,2.47,3.26,3.88,2.72","198.01,197.94,198.03,197.91,198.1,197.94"
L2CA_Write_Req_avg,"36121.07,36121.23,35242.78,36121.53,36121.84,36122.0","0.0,0.0,0.0,0.0,0.0,0.0"
L2CA_Write_Req_min,"59.08,59.23,59.38,59.54,59.85,60.0","0.0,0.0,0.0,0.0,0.0,0.0"
L2CA_Write_Req_max,"281649.23,281649.38,281649.54,281649.69,281650.0,281650.15","0.0,0.0,0.0,0.0,0.0,0.0"
L2CA_Probe_Req_avg,"31.77,30.83,41.94,33.91,34.37,31.73","2.96,2.94,3.49,2.97,3.03,2.95"
L2CA_Probe_Req_max,"368.66,376.36,400.23,406.98,405.0,362.12","12.03,12.04,12.06,10.94,12.04,12.1"
L2CA_Hits_avg,"18060.72,18060.8,17621.57,18060.95,18061.26,18061.48","67.29,66.47,66.95,66.97,67.29,67.08"
L2CA_Hits_min,"30.17,30.23,30.32,30.36,30.53,30.62","3.92,3.91,4.05,4.04,3.98,3.97"
L2CA_Hits_max,"140825.37,140825.47,140825.5,140825.6,140825.78,140825.81","192.39,192.39,192.39,192.41,192.39,192.4"
L2CA_Misses_avg,"18060.78,18060.85,17621.63,18061.02,18061.29,18061.46","128.21,129.05,128.52,128.53,128.17,128.42"
L2CA_Misses_min,"29.54,29.62,29.7,29.77,29.93,30.0","0.0,0.0,0.0,0.0,0.0,0.0"
L2CA_Misses_max,"140826.27,140826.33,140826.49,140826.48,140826.64,140826.71","192.0,192.0,192.0,192.0,192.0,192.02"
L2CA_Cache_Hit_avg,"50.01,50.01,50.01,50.01,50.01,50.01","34.86,34.43,34.68,34.69,34.86,34.75"
L2CA_Cache_Hit_min,"50.0,50.0,50.0,50.0,50.0,50.0","2.0,2.0,2.06,2.06,2.03,2.02"
L2CA_Cache_Hit_max,"50.57,50.59,50.57,50.61,50.59,50.59","100.0,100.0,100.0,100.0,100.0,100.0"
L2CA_Writeback_avg,"17980.57,17979.73,17541.42,17979.89,17980.94,17981.02","0.0,0.0,0.0,0.0,0.0,0.0"
L2CA_Writeback_max,"140667.08,140667.16,140667.24,140667.31,140825.0,140667.54","0.0,0.0,0.0,0.0,0.0,0.0"
L2CA_NC_Req_avg,"0.15,0.15,0.37,0.66,0.15,0.15","0.0,0.0,0.0,0.0,0.0,0.0"
L2CA_NC_Req_min,"0.14,0.13,0.07,0.13,0.14,0.13","0.0,0.0,0.0,0.0,0.0,0.0"
L2CA_NC_Req_max,"0.17,0.17,38.0,86.75,0.17,0.17","0.0,0.0,0.0,0.0,0.0,0.0"
L2CA_UC_Req_avg,"0.22,0.25,0.24,0.25,0.23,0.23","0.0,0.0,0.0,0.0,0.0,0.0"
L2CA_UC_Req_max,"1.64,3.02,1.84,3.0,2.89,1.66","0.0,0.0,0.0,0.0,0.0,0.0"
L2CA_RW_Req_avg,"36121.12,36121.27,35243.11,36121.57,36121.88,36122.04","195.45,195.52,195.5,195.48,195.51,195.5"
L2CA_RW_Req_min,"59.56,59.69,59.79,60.04,60.35,60.42","192.2,192.2,192.19,192.21,192.2,192.21"
L2CA_RW_Req_max,"281649.9,281650.0,281650.15,281650.31,281650.6,281650.77","197.92,197.9,198.04,197.96,197.94,197.94"
L2CA_Writeback_(Normal)_avg,"17980.57,17981.57,17542.79,17980.79,17978.19,17978.52","0.0,0.0,0.0,0.0,0.0,0.0"
L2CA_Writeback_(Normal)_max,"140667.08,140667.15,140667.23,140667.31,140825.0,140667.54","0.01,0.0,0.0,0.0,0.0,0.0"
L2CA_Writeback_(TC_Req)_avg,"0.0,0.0,0.0,0.0,0.0,3.52","0.0,0.0,0.0,0.0,0.0,0.0"
L2CA_Writeback_(TC_Req)_max,"0.0,0.0,0.0,0.0,0.0,605.34","0.0,0.0,0.0,0.0,0.0,0.0"
L2CA_Evict_(Normal)_avg,"17903.85,17905.74,17467.42,17904.06,17898.8,17900.46","128.09,128.33,128.47,128.62,128.33,128.29"
L2CA_Evict_(Normal)_max,"140509.56,140509.63,140509.71,140509.79,140821.14,140510.02","191.96,191.96,191.96,191.96,191.96,191.96"
L2FIS_Read_-_Remote_Socket_Stall_avg,"0.0,0.0,0.12,0.0,0.0,0.0","0.0,0.0,1.25,0.0,0.0,0.0"
L2FIS_Read_-_Remote_Socket_Stall_max,"0.0,0.0,17.6,0.0,0.0,0.0","0.0,0.0,53.86,0.0,0.0,0.0"
L2FIS_Read_-_HBM_Stall_avg,"0.0,0.0,0.0,0.0,0.0,0.0","22.31,21.54,21.5,22.29,21.13,20.94"
L2FIS_Read_-_HBM_Stall_max,"0.0,0.0,0.0,0.0,0.0,0.0","52.74,54.11,52.5,53.86,53.86,54.41"
L2FIS_Write_-_Remote_Socket_Stall_avg,"0.0,0.0,0.0,0.0,0.0,0.0","0.0,0.0,0.0,0.0,0.0,0.01"
L2FIS_Write_-_Remote_Socket_Stall_max,"0.0,0.0,0.0,0.0,0.0,0.0","0.0,0.0,0.0,0.0,0.0,0.76"
L2FIS_Write_-_HBM_Stall_avg,"7202.0,7144.63,7195.82,7060.68,7192.0,7116.45","0.0,0.0,0.0,0.0,0.0,0.0"
L2FIS_Write_-_HBM_Stall_max,"53799.32,53458.4,56104.96,50501.26,53736.19,53494.13","0.0,0.0,0.0,0.0,0.0,0.0"
ASA3c_L2_Cache_Hit_Rate_min,"50.0,50.0,50.0,50.0,50.0,50.0","2.03,2.0,2.1,2.02,2.04,2.0"
ASA3c_L2_Cache_Hit_Rate_max,"50.57,50.59,50.56,50.6,50.59,50.59","100.0,100.0,100.0,100.0,100.0,100.0"
ASA3c_L2_Cache_Hit_Rate_mean,"50.01,50.01,50.02,50.01,50.01,50.01","34.83,34.98,34.73,34.58,34.63,34.94"
ASA3c_L2_Cache_Hit_Rate_std,"0.06,0.06,0.06,0.06,0.06,0.06","41.51,41.41,41.49,41.64,41.56,41.4"
ASA3c_Req_min,"1.87,1.87,1.88,1.88,1.89,1.89","6.01,6.01,6.01,6.01,6.01,6.01"
ASA3c_Req_max,"8801.61,8801.66,8809.89,8801.62,8801.63,8801.64","6.19,6.19,6.19,6.19,6.18,6.19"
ASA3c_Req_mean,"1128.8,1128.8,1101.47,1128.81,1128.82,1128.83","6.11,6.11,6.11,6.11,6.11,6.11"
ASA3c_Req_std,"1985.8,1985.8,1927.75,1985.8,1985.8,1985.8","0.07,0.07,0.07,0.07,0.07,0.07"
ASA3c_L1_-_L2_Read_Req_min,"0.0,0.0,0.0,0.0,0.0,0.0","6.01,6.01,6.01,6.01,6.01,6.01"
ASA3c_L1_-_L2_Read_Req_max,"0.08,0.12,3.75,0.07,0.07,0.1","6.19,6.19,6.19,6.19,6.18,6.19"
ASA3c_L1_-_L2_Read_Req_mean,"0.01,0.01,0.07,0.01,0.01,0.01","6.11,6.11,6.11,6.11,6.11,6.11"
ASA3c_L1_-_L2_Read_Req_std,"0.02,0.02,0.36,0.01,0.01,0.02","0.07,0.07,0.07,0.07,0.07,0.07"
ASA3c_L1_-_L2_Write_Req_min,"1.85,1.85,1.86,1.86,1.87,1.88","0.0,0.0,0.0,0.0,0.0,0.0"
ASA3c_L1_-_L2_Write_Req_max,"8801.54,8801.54,8801.55,8801.55,8801.56,8801.57","0.0,0.0,0.0,0.0,0.0,0.0"
ASA3c_L1_-_L2_Write_Req_mean,"1128.78,1128.79,1101.34,1128.81,1128.82,1128.81","0.0,0.0,0.0,0.0,0.0,0.0"
ASA3c_L1_-_L2_Write_Req_std,"1985.78,1985.78,1927.42,1985.8,1985.8,1985.78","0.0,0.0,0.0,0.0,0.0,0.0"
ASA3c_L2_-_EA_Read_Req_max,"0.07,0.05,0.09,0.06,0.08,0.07","12.0,12.0,12.02,12.0,12.0,12.0"
ASA3c_L2_-_EA_Read_Req_mean,"0.01,0.01,0.01,0.01,0.01,0.01","8.0,8.02,7.98,8.0,8.04,8.03"
ASA3c_L2_-_EA_Read_Req_std,"0.01,0.01,0.01,0.01,0.01,0.01","5.1,5.12,5.08,5.11,5.13,5.13"
ASA3c_L2_-_EA_Write_Req_max,"8791.69,8801.54,8801.55,8801.55,8791.72,8801.57","0.0,0.0,0.02,0.0,0.0,0.0"
ASA3c_L2_-_EA_Write_Req_mean,"1123.54,1123.8,1094.53,1123.63,1123.67,1123.57","0.0,0.0,0.0,0.0,0.0,0.0"
ASA3c_L2_-_EA_Write_Req_std,"1984.98,1985.31,1928.05,1984.9,1984.93,1985.24","0.0,0.0,0.01,0.0,0.0,0.0"
ASA3c_L2_-_EA_Read_Lat_min,"293.4,249.25,159.73,306.0,318.3,176.0","60.21,224.41,111.82,218.11,54.41,102.42"
ASA3c_L2_-_EA_Read_Lat_max,"3051.01,244395.08,4547.5,4140.54,3549.1,3778.0","615.87,638.04,6049.51,1324.78,617.1,1627.51"
ASA3c_L2_-_EA_Read_Lat_mean,"1099.81,2528.69,1178.12,1183.26,1146.26,1162.76","434.41,444.73,547.24,462.04,427.69,451.06"
ASA3c_L2_-_EA_Read_Lat_std,"508.96,18557.67,715.54,585.51,495.03,573.92","133.69,125.61,648.33,152.6,140.88,179.8"
ASA3c_L2_-_EA_Write_Lat_min,"92.11,0.0,72.62,4.14,16.21,0.0","0.0,0.0,0.0,0.0,0.0,0.0"
ASA3c_L2_-_EA_Write_Lat_max,"13352.04,690.13,7795.95,659.34,3043.96,5799.95","0.0,0.0,0.0,0.0,0.0,0.0"
ASA3c_L2_-_EA_Write_Lat_mean,"519.45,381.48,610.56,393.53,387.17,443.48","0.0,0.0,0.0,0.0,0.0,0.0"
ASA3c_L2_-_EA_Write_Lat_std,"1071.5,126.47,893.61,121.76,249.13,487.92","0.0,0.0,0.0,0.0,0.0,0.0"
ASA3c_L2_-_EA_Read_Stall_(IO)_max,"0.0,2.27,22.49,0.0,0.0,0.0","0.0,0.0,0.1,0.04,0.0,0.0"
ASA3c_L2_-_EA_Read_Stall_(IO)_mean,"0.0,0.01,0.13,0.0,0.0,0.0","0.0,0.0,0.0,0.0,0.0,0.0"
ASA3c_L2_-_EA_Read_Stall_(IO)_std,"0.0,0.17,1.72,0.0,0.0,0.0","0.0,0.0,0.01,0.0,0.0,0.0"
ASA3c_L2_-_EA_Read_Stall_(DRAM)_max,"0.0,0.0,0.0,0.0,0.0,0.0","1.68,1.65,1.63,1.65,1.65,1.66"
ASA3c_L2_-_EA_Read_Stall_(DRAM)_mean,"0.0,0.0,0.0,0.0,0.0,0.0","0.69,0.65,0.68,0.63,0.65,0.65"
ASA3c_L2_-_EA_Read_Stall_(DRAM)_std,"0.0,0.0,0.0,0.0,0.0,0.0","0.62,0.6,0.6,0.59,0.6,0.59"
ASA3c_L2_-_EA_Write_Stall_(DRAM)_max,"1702.9,1783.56,1732.05,1624.57,1619.89,1695.2","0.0,0.0,0.0,0.0,0.0,0.0"
ASA3c_L2_-_EA_Write_Stall_(DRAM)_mean,"221.12,226.11,221.43,221.59,224.81,221.5","0.0,0.0,0.0,0.0,0.0,0.0"
ASA3c_L2_-_EA_Write_Stall_(DRAM)_std,"362.69,375.25,368.47,364.93,372.38,370.2","0.0,0.0,0.0,0.0,0.0,0.0"
